Issue_ID,Student_ID,Book_ID,Issue_Date,Due_Date,Return_Date,Issue_Status,Number_of_Days_Issued,Renew_Count,Fine_Amount,Library_Visit_Frequency,Total_Library_Visits,Reading_Duration_Hours,Preferred_Book_Type,Online_Resource_Usage,Late_Return_Count,Librarian_ID,Library_Shift,Transaction_Mode,Feedback_Rating,Student_Name,Gender,Age,Department,Year_of_Study,Section,Roll_Number,Student_Type,Admission_Year,Semester,CGPA,Attendance_Percentage,Academic_Performance,Scholarship_Status,Hostel_DayScholar,Mobile_Number,Email_ID,City,State,Book_Title,Author_Name,Publisher,Book_Category,ISBN_Number,Book_Edition,Language,Book_Price,Book_Rack_No,Book_Availability,Book_Condition,Damage_Report,Publication_Year,Pages,Binding_Type,Edition_Type,Print_Type,Genre,Country_of_Publication
I3000,S1088,B2025,29-01-2025,12-02-2025,18-02-2025,Returned,25.0,1.0,10.0,1,65.0,19,Electronics,No,4,L400,Morning,Offline,3,Student_88,Male,19,CSE,2.0,A,7,Regular,2021,5,7.54,97,Average,No,DayScholar,9473117788,student88@college.edu,Vizag,AP,Book_25,Author_25,,Civil,9695455182.0,3.0,Telugu,277.63,8.0,No,,,2019.0,413.0,Hardcover,Second,Color,Textbook,UK
I3150,S1150,B2025,10-11-2025,24-11-2025,,Not Returned,13.0,3.0,20.0,7,97.0,18,Math,Yes,4,L550,Morning,Offline,4,Student_150,Female,22,ECE,4.0,A,14,Lateral,2022,3,8.83,75,Good,No,DayScholar,9274349138,student150@college.edu,Vijayawada,AP,Book_25,Author_25,,Civil,9695455182.0,3.0,Telugu,277.63,8.0,No,,,2019.0,413.0,Hardcover,Second,Color,Textbook,UK
I3165,S1147,B2025,31-01-2025,14-02-2025,19-02-2025,Returned,10.0,3.0,0.0,7,53.0,12,Electronics,Yes,1,L565,Evening,Online,4,Student_147,Female,19,EEE,3.0,C,34,Regular,2023,6,7.89,87,Excellent,No,Hostel,9199915903,student147@college.edu,Vizag,AP,Book_25,Author_25,,Civil,9695455182.0,3.0,Telugu,277.63,8.0,No,,,2019.0,413.0,Hardcover,Second,Color,Textbook,UK
I3056,S1088,B2129,20-12-2025,03-01-2026,02-01-2026,Returned,20.0,2.0,10.0,5,67.0,15,Mechanical,No,5,L456,Morning,Offline,2,Student_88,Male,19,CSE,2.0,A,7,Regular,2021,5,7.54,97,Average,No,DayScholar,9473117788,student88@college.edu,Vizag,AP,Book_129,Author_129,McGraw Hill,Mechanical,6126539546.0,3.0,Telugu,463.57,21.0,Yes,Average,Minor,2019.0,740.0,Hardcover,Revised,Color,Guide,UK
I3001,S1004,B2010,23-09-2025,07-10-2025,07-10-2025,Returned,28.0,3.0,20.0,6,49.0,16,Math,Yes,5,L401,Morning,Online,1,Student_4,Male,24,CSE,1.0,B,70,Lateral,2021,3,8.46,84,Excellent,No,Hostel,9507070100,student4@college.edu,Hyderabad,AP,Book_10,Author_10,Springer,Programming,7841745657.0,5.0,Hindi,332.34,36.0,No,Average,Minor,2021.0,767.0,Paperback,Revised,Color,Reference,USA
I3038,S1159,B2010,02-12-2025,16-12-2025,,Not Returned,13.0,1.0,0.0,7,11.0,18,Math,Yes,3,L438,Evening,Online,4,Student_159,Male,24,ME,1.0,A,36,Lateral,2023,8,8.27,91,Poor,No,Hostel,9804132338,student159@college.edu,Hyderabad,AP,Book_10,Author_10,Springer,Programming,7841745657.0,5.0,Hindi,332.34,36.0,No,Average,Minor,2021.0,767.0,Paperback,Revised,Color,Reference,USA
I3078,S1004,B2122,07-10-2025,21-10-2025,,Not Returned,9.0,0.0,30.0,5,46.0,3,Mechanical,Yes,2,L478,Morning,Offline,5,Student_4,Male,24,CSE,1.0,B,70,Lateral,2021,3,8.46,84,Excellent,No,Hostel,9507070100,student4@college.edu,Hyderabad,AP,Book_122,Author_122,Springer,Science,1973600701.0,3.0,English,239.13,11.0,No,Average,,2018.0,315.0,Hardcover,Revised,Black&White,Reference,India
I3122,S1084,B2122,18-07-2025,01-08-2025,,Not Returned,20.0,3.0,0.0,2,26.0,12,Mechanical,No,3,L522,Evening,Online,2,Student_84,Female,22,EEE,1.0,C,29,Regular,2024,6,5.52,70,Excellent,No,DayScholar,9557874186,student84@college.edu,Hyderabad,AP,Book_122,Author_122,Springer,Science,1973600701.0,3.0,English,239.13,11.0,No,Average,,2018.0,315.0,Hardcover,Revised,Black&White,Reference,India
I3002,S1123,B2028,12-06-2025,26-06-2025,22-06-2025,Returned,14.0,3.0,0.0,7,73.0,19,Science,No,4,L402,Evening,Offline,4,Student_123,Female,21,CSE,2.0,C,56,Lateral,2023,4,8.17,79,Good,No,DayScholar,9519576606,student123@college.edu,Hyderabad,AP,Book_28,Author_28,Elsevier,Science,6121663120.0,4.0,Hindi,760.31,14.0,No,Good,Major,2019.0,450.0,Paperback,First,Color,Guide,India
I3017,S1123,B2114,11-06-2025,25-06-2025,,Not Returned,11.0,0.0,10.0,3,27.0,20,Math,No,5,L417,Morning,Offline,1,Student_123,Female,21,CSE,2.0,C,56,Lateral,2023,4,8.17,79,Good,No,DayScholar,9519576606,student123@college.edu,Hyderabad,AP,Book_114,Author_114,McGraw Hill,Mechanical,7127607333.0,1.0,English,948.61,29.0,No,Good,Major,2020.0,450.0,Hardcover,First,Black&White,Guide,UK
I3003,S1013,B2154,10-02-2025,24-02-2025,23-02-2025,Returned,13.0,0.0,20.0,5,18.0,12,Mechanical,Yes,5,L403,Evening,Online,1,Student_13,Male,20,ECE,2.0,A,14,Lateral,2022,8,5.11,81,Good,Yes,DayScholar,9635637565,student13@college.edu,Hyderabad,AP,Book_154,Author_154,Springer,Civil,3250707755.0,3.0,Hindi,478.7,27.0,No,Damaged,Major,2020.0,765.0,Hardcover,Second,Color,Reference,India
I3121,S1010,B2154,19-12-2025,02-01-2026,,Not Returned,21.0,3.0,30.0,9,79.0,5,Science,Yes,4,L521,Morning,Offline,5,Student_10,Male,19,ECE,3.0,A,28,Regular,2022,5,5.91,89,Excellent,Yes,DayScholar,9608157346,student10@college.edu,Vizag,AP,Book_154,Author_154,Springer,Civil,3250707755.0,3.0,Hindi,478.7,27.0,No,Damaged,Major,2020.0,765.0,Hardcover,Second,Color,Reference,India
I3004,S1051,B2091,18-10-2025,01-11-2025,30-10-2025,Returned,11.0,3.0,20.0,5,59.0,8,Math,No,3,L404,Evening,Online,1,Student_51,Female,19,Civil,3.0,A,49,Lateral,2024,7,6.0,84,Good,No,Hostel,9770663573,student51@college.edu,Vizag,AP,Book_91,Author_91,Pearson,Science,1365222024.0,4.0,English,837.21,47.0,Yes,Good,Major,2018.0,591.0,Hardcover,First,Black&White,Reference,India
I3005,S1051,B2038,22-03-2025,05-04-2025,10-04-2025,Returned,24.0,1.0,10.0,1,91.0,7,Science,No,3,L405,Evening,Online,4,Student_51,Female,19,Civil,3.0,A,49,Lateral,2024,7,6.0,84,Good,No,Hostel,9770663573,student51@college.edu,Vizag,AP,Book_38,Author_38,McGraw Hill,Civil,8353939742.0,4.0,English,341.81,10.0,Yes,Good,Major,2022.0,484.0,Hardcover,First,Color,Textbook,UK
I3167,S1037,B2038,09-09-2025,23-09-2025,23-09-2025,Returned,16.0,2.0,30.0,9,50.0,13,Electronics,Yes,2,L567,Evening,Offline,3,Student_37,Female,21,ME,4.0,B,53,Lateral,2023,2,8.95,90,Good,Yes,Hostel,9685655681,student37@college.edu,Hyderabad,AP,Book_38,Author_38,McGraw Hill,Civil,8353939742.0,4.0,English,341.81,10.0,Yes,Good,Major,2022.0,484.0,Hardcover,First,Color,Textbook,UK
I3035,S1051,B2048,19-12-2025,02-01-2026,,Not Returned,11.0,3.0,30.0,8,67.0,7,Civil,No,3,L435,Evening,Online,5,Student_51,Female,19,Civil,3.0,A,49,Lateral,2024,7,6.0,84,Good,No,Hostel,9770663573,student51@college.edu,Vizag,AP,Book_48,Author_48,McGraw Hill,Programming,8614295240.0,2.0,Telugu,366.33,26.0,Yes,Good,Minor,2022.0,558.0,Hardcover,Second,Color,Reference,UK
I3069,S1051,B2006,29-03-2025,12-04-2025,11-04-2025,Returned,11.0,2.0,20.0,5,37.0,5,Civil,Yes,5,L469,Morning,Offline,4,Student_51,Female,19,Civil,3.0,A,49,Lateral,2024,7,6.0,84,Good,No,Hostel,9770663573,student51@college.edu,Vizag,AP,Book_6,Author_6,Elsevier,Civil,2588644191.0,,Hindi,645.99,7.0,Yes,Damaged,,2024.0,771.0,Hardcover,Second,Color,Guide,USA
I3037,S1017,B2006,23-05-2025,06-06-2025,,Not Returned,9.0,0.0,0.0,9,46.0,3,Civil,Yes,3,L437,Evening,Online,2,Student_17,Male,21,Civil,4.0,B,72,Regular,2022,3,9.52,65,Poor,Yes,DayScholar,9996438953,student17@college.edu,Vizag,AP,Book_6,Author_6,Elsevier,Civil,2588644191.0,,Hindi,645.99,7.0,Yes,Damaged,,2024.0,771.0,Hardcover,Second,Color,Guide,USA
I3037,S1017,B2006,23-05-2025,06-06-2025,,Not Returned,9.0,0.0,0.0,9,46.0,3,Civil,Yes,3,L437,Evening,Online,2,Student_17,Male,21,Civil,4.0,B,72,Regular,2022,3,9.52,65,Poor,Yes,DayScholar,9996438953,student17@college.edu,Vizag,AP,Book_6,Author_6,Elsevier,Civil,2588644191.0,,Hindi,645.99,7.0,Yes,Damaged,,2024.0,771.0,Hardcover,Second,Color,Guide,USA
I3136,S1051,B2018,03-07-2025,17-07-2025,13-07-2025,Returned,18.0,3.0,30.0,2,12.0,18,Programming,No,4,L536,Morning,Online,2,Student_51,Female,19,Civil,3.0,A,49,Lateral,2024,7,6.0,84,Good,No,Hostel,9770663573,student51@college.edu,Vizag,AP,Book_18,Author_18,Springer,Electronics,,4.0,Telugu,650.78,31.0,No,Damaged,Minor,2022.0,725.0,Hardcover,Revised,Black&White,Guide,USA
I3060,S1035,B2018,17-03-2025,31-03-2025,27-03-2025,Returned,19.0,2.0,0.0,6,51.0,17,Civil,No,5,L460,Morning,Offline,1,Student_35,Male,19,ECE,4.0,A,73,Regular,2021,8,6.08,95,Excellent,Yes,DayScholar,9629551684,student35@college.edu,Hyderabad,AP,Book_18,Author_18,Springer,Electronics,,4.0,Telugu,650.78,31.0,No,Damaged,Minor,2022.0,725.0,Hardcover,Revised,Black&White,Guide,USA
I3006,S1039,B2078,13-08-2025,27-08-2025,,Not Returned,,1.0,20.0,8,76.0,5,Electronics,No,3,L406,Evening,Online,1,Student_39,Male,24,ECE,3.0,C,64,Lateral,2022,8,8.2,97,Poor,Yes,DayScholar,9787798800,student39@college.edu,Vizag,AP,Book_78,Author_78,Pearson,Civil,1451098414.0,5.0,Telugu,482.9,14.0,Yes,Average,Major,2020.0,479.0,Hardcover,Revised,Color,Reference,USA
I3030,S1140,B2078,27-05-2025,10-06-2025,15-06-2025,Returned,21.0,3.0,20.0,5,82.0,13,Science,Yes,1,L430,Evening,Online,5,Student_140,Female,21,ME,4.0,A,68,Lateral,2024,5,8.59,96,Poor,Yes,Hostel,9930616908,student140@college.edu,Rajahmundry,AP,Book_78,Author_78,Pearson,Civil,1451098414.0,5.0,Telugu,482.9,14.0,Yes,Average,Major,2020.0,479.0,Hardcover,Revised,Color,Reference,USA
I3075,S1039,B2014,27-01-2025,10-02-2025,06-02-2025,Returned,14.0,0.0,10.0,2,28.0,2,Electronics,No,5,L475,Evening,Online,3,Student_39,Male,24,ECE,3.0,C,64,Lateral,2022,8,8.2,97,Poor,Yes,DayScholar,9787798800,student39@college.edu,Vizag,AP,Book_14,Author_14,Pearson,Programming,3716081557.0,3.0,English,714.93,1.0,No,Average,,2024.0,252.0,Paperback,Second,Color,Textbook,UK
I3072,S1129,B2014,15-03-2025,29-03-2025,31-03-2025,Returned,19.0,3.0,30.0,5,88.0,17,Mechanical,Yes,5,L472,Morning,Offline,4,Student_129,Male,21,CSE,2.0,B,23,Lateral,2022,5,8.71,99,Average,No,Hostel,9130739273,student129@college.edu,Rajahmundry,AP,Book_14,Author_14,Pearson,Programming,3716081557.0,3.0,English,714.93,1.0,No,Average,,2024.0,252.0,Paperback,Second,Color,Textbook,UK
I3077,S1163,B2014,09-02-2025,23-02-2025,,Not Returned,29.0,3.0,30.0,10,89.0,15,Electronics,Yes,1,L477,Evening,Offline,1,Student_163,Male,20,Civil,2.0,A,12,Lateral,2022,4,6.7,70,Average,Yes,DayScholar,9790273739,student163@college.edu,Vizag,AP,Book_14,Author_14,Pearson,Programming,3716081557.0,3.0,English,714.93,1.0,No,Average,,2024.0,252.0,Paperback,Second,Color,Textbook,UK
I3076,S1066,B2014,23-06-2025,07-07-2025,10-07-2025,Returned,10.0,1.0,10.0,2,56.0,17,Science,Yes,5,L476,Morning,Offline,5,Student_66,Male,22,CSE,2.0,C,21,Regular,2024,7,7.42,78,Poor,Yes,Hostel,9837024452,student66@college.edu,Rajahmundry,AP,Book_14,Author_14,Pearson,Programming,3716081557.0,3.0,English,714.93,1.0,No,Average,,2024.0,252.0,Paperback,Second,Color,Textbook,UK
I3130,S1039,B2027,27-03-2025,10-04-2025,08-04-2025,Returned,7.0,1.0,30.0,4,51.0,16,Math,No,2,L530,Evening,Online,4,Student_39,Male,24,ECE,3.0,C,64,Lateral,2022,8,8.2,97,Poor,Yes,DayScholar,9787798800,student39@college.edu,Vizag,AP,Book_27,Author_27,Oxford,Math,1201461174.0,3.0,English,352.15,28.0,Yes,Damaged,Minor,2020.0,308.0,Paperback,Revised,Color,Reference,USA
I3046,S1111,B2027,11-02-2025,25-02-2025,27-02-2025,Returned,30.0,2.0,30.0,7,28.0,3,Mechanical,No,0,L446,Evening,Offline,1,Student_111,Female,19,ME,4.0,C,37,Lateral,2022,6,5.06,84,Poor,No,Hostel,9167747551,student111@college.edu,Rajahmundry,AP,Book_27,Author_27,Oxford,Math,1201461174.0,3.0,English,352.15,28.0,Yes,Damaged,Minor,2020.0,308.0,Paperback,Revised,Color,Reference,USA
I3196,S1098,B2027,01-10-2025,15-10-2025,,Not Returned,7.0,0.0,20.0,5,81.0,14,Math,Yes,5,L596,Morning,Online,2,Student_98,Male,20,Civil,4.0,B,75,Regular,2022,1,7.31,85,Average,No,Hostel,9405675402,student98@college.edu,Vizag,AP,Book_27,Author_27,Oxford,Math,1201461174.0,3.0,English,352.15,28.0,Yes,Damaged,Minor,2020.0,308.0,Paperback,Revised,Color,Reference,USA
I3174,S1179,B2027,05-10-2025,19-10-2025,17-10-2025,Returned,21.0,0.0,30.0,10,85.0,14,Programming,Yes,5,L574,Morning,Online,2,Student_179,Male,24,ECE,3.0,A,60,Regular,2021,7,6.16,86,Good,No,DayScholar,9919751791,student179@college.edu,Hyderabad,AP,Book_27,Author_27,Oxford,Math,1201461174.0,3.0,English,352.15,28.0,Yes,Damaged,Minor,2020.0,308.0,Paperback,Revised,Color,Reference,USA
I3174,S1179,B2027,05-10-2025,19-10-2025,17-10-2025,Returned,21.0,0.0,30.0,10,85.0,14,Programming,Yes,5,L574,Morning,Online,2,Student_179,Male,24,ECE,3.0,A,60,Regular,2021,7,6.16,86,Good,No,DayScholar,9919751791,student179@college.edu,Hyderabad,AP,Book_27,Author_27,Oxford,Math,1201461174.0,3.0,English,352.15,28.0,Yes,Damaged,Minor,2020.0,308.0,Paperback,Revised,Color,Reference,USA
I3007,S1009,B2081,23-01-2025,06-02-2025,09-02-2025,Returned,9.0,3.0,,3,31.0,3,Programming,No,5,L407,Morning,Offline,2,Student_9,Male,21,EEE,2.0,A,24,Lateral,2024,4,8.11,77,Average,Yes,Hostel,9164447149,student9@college.edu,Hyderabad,AP,Book_81,Author_81,Elsevier,Math,3834498624.0,2.0,Hindi,734.77,10.0,No,Damaged,,2024.0,623.0,Paperback,First,Black&White,Textbook,USA
I3140,S1028,B2081,20-01-2025,03-02-2025,05-02-2025,Returned,19.0,3.0,30.0,9,99.0,18,Civil,No,4,L540,Morning,Offline,5,Student_28,Female,22,EEE,4.0,C,8,Regular,2024,6,9.78,84,Average,Yes,Hostel,9990729047,student28@college.edu,Hyderabad,AP,Book_81,Author_81,Elsevier,Math,3834498624.0,2.0,Hindi,734.77,10.0,No,Damaged,,2024.0,623.0,Paperback,First,Black&White,Textbook,USA
I3163,S1072,B2081,18-07-2025,01-08-2025,07-08-2025,Returned,13.0,1.0,30.0,2,14.0,20,Math,No,3,L563,Evening,Offline,4,Student_72,Male,21,EEE,2.0,B,59,Regular,2023,5,7.09,90,Average,Yes,DayScholar,9243061806,student72@college.edu,Vizag,AP,Book_81,Author_81,Elsevier,Math,3834498624.0,2.0,Hindi,734.77,10.0,No,Damaged,,2024.0,623.0,Paperback,First,Black&White,Textbook,USA
I3168,S1154,B2081,02-02-2025,16-02-2025,18-02-2025,Returned,10.0,2.0,20.0,8,37.0,17,Science,No,4,L568,Evening,Offline,3,Student_154,Male,24,ME,2.0,B,55,Regular,2022,3,9.94,67,Good,Yes,Hostel,9345078924,student154@college.edu,Vijayawada,AP,Book_81,Author_81,Elsevier,Math,3834498624.0,2.0,Hindi,734.77,10.0,No,Damaged,,2024.0,623.0,Paperback,First,Black&White,Textbook,USA
I3073,S1009,B2085,07-10-2025,21-10-2025,23-10-2025,Returned,24.0,1.0,30.0,2,30.0,3,Programming,No,1,L473,Morning,Online,2,Student_9,Male,21,EEE,2.0,A,24,Lateral,2024,4,8.11,77,Average,Yes,Hostel,9164447149,student9@college.edu,Hyderabad,AP,Book_85,Author_85,Springer,Math,5317370365.0,1.0,Telugu,353.95,46.0,Yes,Average,Minor,2019.0,487.0,Paperback,Second,Black&White,Guide,UK
I3095,S1035,B2085,02-10-2025,16-10-2025,17-10-2025,Returned,21.0,1.0,20.0,7,92.0,1,Mechanical,No,1,L495,Evening,Offline,4,Student_35,Male,19,ECE,4.0,A,73,Regular,2021,8,6.08,95,Excellent,Yes,DayScholar,9629551684,student35@college.edu,Hyderabad,AP,Book_85,Author_85,Springer,Math,5317370365.0,1.0,Telugu,353.95,46.0,Yes,Average,Minor,2019.0,487.0,Paperback,Second,Black&White,Guide,UK
I3102,S1151,B2085,12-01-2025,26-01-2025,30-01-2025,Returned,22.0,1.0,20.0,10,47.0,4,Programming,No,5,L502,Morning,Offline,5,Student_151,Male,22,EEE,4.0,B,52,Regular,2022,5,6.69,89,Good,No,DayScholar,9286230441,student151@college.edu,Hyderabad,AP,Book_85,Author_85,Springer,Math,5317370365.0,1.0,Telugu,353.95,46.0,Yes,Average,Minor,2019.0,487.0,Paperback,Second,Black&White,Guide,UK
I3180,S1094,B2085,22-02-2025,08-03-2025,05-03-2025,Returned,20.0,1.0,0.0,2,35.0,16,Civil,No,0,L580,Morning,Offline,1,Student_94,Female,22,EEE,4.0,C,61,Regular,2023,3,5.9,67,Poor,Yes,DayScholar,9612927053,student94@college.edu,Vizag,AP,Book_85,Author_85,Springer,Math,5317370365.0,1.0,Telugu,353.95,46.0,Yes,Average,Minor,2019.0,487.0,Paperback,Second,Black&White,Guide,UK
I3119,S1009,B2106,15-09-2025,29-09-2025,27-09-2025,Returned,12.0,2.0,30.0,10,64.0,3,Mechanical,No,3,L519,Morning,Offline,3,Student_9,Male,21,EEE,2.0,A,24,Lateral,2024,4,8.11,77,Average,Yes,Hostel,9164447149,student9@college.edu,Hyderabad,AP,Book_106,Author_106,Elsevier,Math,3478132167.0,1.0,English,309.53,42.0,Yes,Damaged,Minor,2019.0,751.0,Hardcover,Second,Black&White,Reference,USA
I3024,S1102,B2106,30-08-2025,13-09-2025,,Not Returned,10.0,1.0,10.0,1,59.0,18,Science,No,2,L424,Morning,Online,1,Student_102,Male,18,Civil,1.0,B,30,Lateral,2024,7,6.06,84,Excellent,Yes,Hostel,9539019925,student102@college.edu,Hyderabad,AP,Book_106,Author_106,Elsevier,Math,3478132167.0,1.0,English,309.53,42.0,Yes,Damaged,Minor,2019.0,751.0,Hardcover,Second,Black&White,Reference,USA
I3187,S1055,B2106,21-11-2025,05-12-2025,,Not Returned,21.0,2.0,20.0,5,16.0,16,Electronics,Yes,3,L587,Evening,Online,4,Student_55,Female,18,EEE,2.0,C,47,Regular,2021,1,8.72,77,Excellent,No,DayScholar,9874134515,student55@college.edu,Hyderabad,AP,Book_106,Author_106,Elsevier,Math,3478132167.0,1.0,English,309.53,42.0,Yes,Damaged,Minor,2019.0,751.0,Hardcover,Second,Black&White,Reference,USA
I3156,S1009,B2156,07-11-2025,21-11-2025,,Not Returned,30.0,2.0,20.0,10,47.0,18,Civil,No,2,L556,Morning,Offline,1,Student_9,Male,21,EEE,2.0,A,24,Lateral,2024,4,8.11,77,Average,Yes,Hostel,9164447149,student9@college.edu,Hyderabad,AP,Book_156,Author_156,Pearson,Science,1688685850.0,2.0,Telugu,539.91,14.0,Yes,Average,,2019.0,232.0,Paperback,First,Black&White,Guide,UK
I3113,S1150,B2156,26-05-2025,09-06-2025,10-06-2025,Returned,8.0,3.0,20.0,1,12.0,13,Civil,No,0,L513,Evening,Online,5,Student_150,Female,22,ECE,4.0,A,14,Lateral,2022,3,8.83,75,Good,No,DayScholar,9274349138,student150@college.edu,Vijayawada,AP,Book_156,Author_156,Pearson,Science,1688685850.0,2.0,Telugu,539.91,14.0,Yes,Average,,2019.0,232.0,Paperback,First,Black&White,Guide,UK
I3197,S1009,B2042,27-09-2025,11-10-2025,09-10-2025,Returned,29.0,1.0,20.0,1,94.0,9,Electronics,Yes,4,L597,Evening,Online,2,Student_9,Male,21,EEE,2.0,A,24,Lateral,2024,4,8.11,77,Average,Yes,Hostel,9164447149,student9@college.edu,Hyderabad,AP,Book_42,Author_42,Oxford,Science,8457930958.0,1.0,English,743.03,16.0,No,Average,Major,2019.0,420.0,Paperback,Revised,Color,Guide,India
I3067,S1151,B2042,21-05-2025,04-06-2025,10-06-2025,Returned,14.0,1.0,20.0,6,79.0,11,Mechanical,Yes,2,L467,Morning,Offline,5,Student_151,Male,22,EEE,4.0,B,52,Regular,2022,5,6.69,89,Good,No,DayScholar,9286230441,student151@college.edu,Hyderabad,AP,Book_42,Author_42,Oxford,Science,8457930958.0,1.0,English,743.03,16.0,No,Average,Major,2019.0,420.0,Paperback,Revised,Color,Guide,India
I3008,S1174,B2002,17-12-2025,31-12-2025,02-01-2026,Returned,20.0,0.0,20.0,8,45.0,19,Science,No,5,L408,Morning,Offline,1,Student_174,Male,23,ECE,4.0,A,14,Regular,2022,6,6.54,84,Poor,Yes,Hostel,9562907655,student174@college.edu,Hyderabad,AP,Book_2,Author_2,Springer,Science,3543654857.0,4.0,English,781.43,15.0,No,Average,,2023.0,790.0,Hardcover,Revised,Black&White,Textbook,India
I3090,S1174,B2110,29-06-2025,13-07-2025,09-07-2025,Returned,17.0,2.0,0.0,10,34.0,13,Science,Yes,0,L490,Evening,Offline,2,Student_174,Male,23,ECE,4.0,A,14,Regular,2022,6,6.54,84,Poor,Yes,Hostel,9562907655,student174@college.edu,Hyderabad,AP,Book_110,Author_110,Springer,Math,5589998239.0,2.0,Hindi,974.47,31.0,Yes,Damaged,Minor,2023.0,455.0,Paperback,Second,Color,Guide,India
I3160,S1076,B2110,17-05-2025,31-05-2025,01-06-2025,Returned,20.0,2.0,10.0,2,81.0,2,Civil,No,1,L560,Morning,Online,3,Student_76,Female,23,CSE,2.0,A,48,Regular,2021,7,8.29,60,Average,No,Hostel,9680403464,student76@college.edu,Vijayawada,AP,Book_110,Author_110,Springer,Math,5589998239.0,2.0,Hindi,974.47,31.0,Yes,Damaged,Minor,2023.0,455.0,Paperback,Second,Color,Guide,India
I3009,S1033,B2147,07-12-2025,21-12-2025,,Not Returned,19.0,1.0,0.0,7,20.0,8,Mechanical,Yes,3,L409,Morning,Offline,2,Student_33,Female,21,ECE,1.0,C,46,Lateral,2022,2,9.54,77,Average,No,Hostel,9926579024,student33@college.edu,Vizag,AP,Book_147,Author_147,Oxford,Electronics,8866589565.0,5.0,Telugu,260.63,42.0,No,Average,,2019.0,346.0,Hardcover,First,Black&White,Reference,India
I3141,S1161,B2147,05-07-2025,19-07-2025,24-07-2025,Returned,8.0,0.0,20.0,3,51.0,16,Science,Yes,1,L541,Evening,Online,4,Student_161,Female,18,ME,1.0,A,48,Regular,2021,2,5.18,81,Poor,No,Hostel,9993912758,student161@college.edu,Rajahmundry,AP,Book_147,Author_147,Oxford,Electronics,8866589565.0,5.0,Telugu,260.63,42.0,No,Average,,2019.0,346.0,Hardcover,First,Black&White,Reference,India
I3099,S1033,B2082,04-10-2025,18-10-2025,,Not Returned,7.0,1.0,0.0,10,33.0,9,Mechanical,No,1,L499,Morning,Online,2,Student_33,Female,21,ECE,1.0,C,46,Lateral,2022,2,9.54,77,Average,No,Hostel,9926579024,student33@college.edu,Vizag,AP,Book_82,Author_82,Oxford,Science,8075260654.0,2.0,Hindi,397.31,37.0,No,Damaged,,2024.0,491.0,Paperback,Second,Color,Guide,UK
I3010,S1117,B2090,05-09-2025,19-09-2025,,Not Returned,23.0,0.0,10.0,1,40.0,15,Mechanical,No,0,L410,Evening,Offline,4,Student_117,Female,20,CSE,3.0,A,2,Lateral,2022,8,7.96,65,Poor,No,DayScholar,9688480939,student117@college.edu,Rajahmundry,AP,Book_90,Author_90,McGraw Hill,Math,3405630947.0,1.0,English,883.77,42.0,Yes,Damaged,Minor,2023.0,713.0,Hardcover,First,Black&White,Guide,USA
I3097,S1165,B2090,27-05-2025,10-06-2025,09-06-2025,Returned,21.0,0.0,30.0,4,96.0,20,Civil,No,4,L497,Evening,Online,1,Student_165,Male,19,ME,3.0,A,69,Regular,2023,6,9.08,86,Poor,No,Hostel,9358979394,student165@college.edu,Vijayawada,AP,Book_90,Author_90,McGraw Hill,Math,3405630947.0,1.0,English,883.77,42.0,Yes,Damaged,Minor,2023.0,713.0,Hardcover,First,Black&White,Guide,USA
I3117,S1117,B2096,27-04-2025,11-05-2025,,Not Returned,13.0,2.0,10.0,8,16.0,6,Mechanical,No,5,L517,Evening,Offline,1,Student_117,Female,20,CSE,3.0,A,2,Lateral,2022,8,7.96,65,Poor,No,DayScholar,9688480939,student117@college.edu,Rajahmundry,AP,Book_96,Author_96,Oxford,Programming,4145799403.0,4.0,Hindi,711.39,12.0,Yes,Average,Major,2022.0,776.0,Paperback,Second,Color,Guide,USA
I3170,S1113,B2096,05-06-2025,19-06-2025,,Not Returned,16.0,2.0,0.0,3,97.0,6,Programming,No,3,L570,Morning,Offline,4,Student_113,Female,18,CSE,1.0,A,74,Lateral,2023,4,7.41,87,Excellent,Yes,Hostel,9183548757,student113@college.edu,Rajahmundry,AP,Book_96,Author_96,Oxford,Programming,4145799403.0,4.0,Hindi,711.39,12.0,Yes,Average,Major,2022.0,776.0,Paperback,Second,Color,Guide,USA
I3162,S1117,B2132,18-07-2025,01-08-2025,04-08-2025,Returned,20.0,3.0,10.0,8,69.0,12,Science,Yes,4,L562,Evening,Online,3,Student_117,Female,20,CSE,3.0,A,2,Lateral,2022,8,7.96,65,Poor,No,DayScholar,9688480939,student117@college.edu,Rajahmundry,AP,Book_132,Author_132,Oxford,Math,4897662039.0,2.0,Telugu,501.1,2.0,Yes,Damaged,Major,2021.0,684.0,Hardcover,First,Color,Guide,UK
I3107,S1053,B2132,27-10-2025,10-11-2025,10-11-2025,Returned,20.0,3.0,30.0,10,49.0,2,Math,Yes,2,L507,Morning,Online,4,Student_53,Male,19,ECE,4.0,B,22,Regular,2021,8,8.93,73,Poor,Yes,DayScholar,9607130400,student53@college.edu,Rajahmundry,AP,Book_132,Author_132,Oxford,Math,4897662039.0,2.0,Telugu,501.1,2.0,Yes,Damaged,Major,2021.0,684.0,Hardcover,First,Color,Guide,UK
I3020,S1075,B2132,19-02-2025,05-03-2025,07-03-2025,Returned,,0.0,,2,97.0,16,Programming,No,3,L420,Evening,Offline,5,Student_75,Female,18,CSE,2.0,C,68,Regular,2023,2,9.05,63,Good,No,Hostel,9686341752,student75@college.edu,Vijayawada,AP,Book_132,Author_132,Oxford,Math,4897662039.0,2.0,Telugu,501.1,2.0,Yes,Damaged,Major,2021.0,684.0,Hardcover,First,Color,Guide,UK
I3106,S1141,B2132,16-12-2025,30-12-2025,27-12-2025,Returned,13.0,1.0,30.0,2,36.0,6,Mechanical,No,1,L506,Evening,Offline,5,Student_141,Female,19,EEE,4.0,B,80,Regular,2024,7,8.07,97,Average,No,DayScholar,9100797527,student141@college.edu,Hyderabad,AP,Book_132,Author_132,Oxford,Math,4897662039.0,2.0,Telugu,501.1,2.0,Yes,Damaged,Major,2021.0,684.0,Hardcover,First,Color,Guide,UK
I3157,S1024,B2132,07-03-2025,21-03-2025,27-03-2025,Returned,13.0,2.0,10.0,9,46.0,14,Electronics,Yes,4,L557,Evening,Online,5,Student_24,Female,20,EEE,2.0,B,55,Regular,2024,7,6.57,73,Poor,No,DayScholar,9499311301,student24@college.edu,Vijayawada,AP,Book_132,Author_132,Oxford,Math,4897662039.0,2.0,Telugu,501.1,2.0,Yes,Damaged,Major,2021.0,684.0,Hardcover,First,Color,Guide,UK
I3183,S1117,B2123,22-12-2025,05-01-2026,08-01-2026,Returned,10.0,1.0,10.0,8,27.0,5,Mechanical,Yes,4,L583,Evening,Offline,3,Student_117,Female,20,CSE,3.0,A,2,Lateral,2022,8,7.96,65,Poor,No,DayScholar,9688480939,student117@college.edu,Rajahmundry,AP,Book_123,Author_123,Oxford,Civil,6179368807.0,1.0,Hindi,734.43,34.0,No,Damaged,Major,2018.0,333.0,Hardcover,Revised,Color,Textbook,UK
I3011,S1034,B2095,27-03-2025,10-04-2025,06-04-2025,,21.0,1.0,0.0,7,30.0,13,Electronics,Yes,1,L411,Morning,Offline,4,Student_34,Female,22,Civil,3.0,B,69,Regular,2021,7,7.45,61,Average,Yes,DayScholar,9505624349,student34@college.edu,Vizag,AP,Book_95,Author_95,Elsevier,Mechanical,9974991511.0,2.0,English,533.26,12.0,No,Damaged,Major,2022.0,226.0,Paperback,Second,Black&White,Guide,USA
I3079,S1073,B2095,16-09-2025,30-09-2025,,Not Returned,21.0,1.0,30.0,9,12.0,11,Mechanical,Yes,5,L479,Morning,Online,2,Student_73,Male,18,EEE,4.0,C,16,Regular,2024,5,6.73,62,Excellent,No,DayScholar,9750999512,student73@college.edu,Rajahmundry,AP,Book_95,Author_95,Elsevier,Mechanical,9974991511.0,2.0,English,533.26,12.0,No,Damaged,Major,2022.0,226.0,Paperback,Second,Black&White,Guide,USA
I3012,S1130,B2004,08-09-2025,22-09-2025,26-09-2025,Returned,7.0,0.0,10.0,5,95.0,16,Electronics,No,2,L412,Morning,Offline,2,Student_130,Female,22,ME,1.0,B,2,Lateral,2021,6,7.03,82,Good,Yes,DayScholar,9910539684,student130@college.edu,Vijayawada,AP,Book_4,Author_4,McGraw Hill,Electronics,7435642985.0,5.0,Hindi,233.05,50.0,Yes,Good,Major,2024.0,433.0,Paperback,Second,Black&White,Reference,USA
I3112,S1080,B2004,19-06-2025,03-07-2025,04-07-2025,Returned,9.0,1.0,0.0,7,51.0,8,Math,Yes,2,L512,Evening,Online,4,Student_80,Female,24,ME,2.0,C,66,Lateral,2021,6,9.08,73,Good,Yes,DayScholar,9117618103,student80@college.edu,Vizag,AP,Book_4,Author_4,McGraw Hill,Electronics,7435642985.0,5.0,Hindi,233.05,50.0,Yes,Good,Major,2024.0,433.0,Paperback,Second,Black&White,Reference,USA
I3169,S1124,B2004,17-04-2025,01-05-2025,02-05-2025,Returned,17.0,3.0,10.0,9,18.0,12,Civil,Yes,5,L569,Morning,Offline,5,Student_124,Female,23,ECE,1.0,C,4,Regular,2022,7,9.4,66,Average,Yes,DayScholar,9243552755,student124@college.edu,Hyderabad,AP,Book_4,Author_4,McGraw Hill,Electronics,7435642985.0,5.0,Hindi,233.05,50.0,Yes,Good,Major,2024.0,433.0,Paperback,Second,Black&White,Reference,USA
I3052,S1130,B2044,27-05-2025,10-06-2025,06-06-2025,Returned,21.0,1.0,20.0,8,96.0,2,Science,No,5,L452,Morning,Offline,2,Student_130,Female,22,ME,1.0,B,2,Lateral,2021,6,7.03,82,Good,Yes,DayScholar,9910539684,student130@college.edu,Vijayawada,AP,Book_44,Author_44,Elsevier,Science,4874631168.0,2.0,Hindi,445.03,21.0,No,Damaged,Minor,2023.0,233.0,Paperback,First,Color,Reference,UK
I3026,S1096,B2044,21-01-2025,04-02-2025,05-02-2025,Returned,16.0,3.0,0.0,8,67.0,3,Science,Yes,3,L426,Morning,Offline,4,Student_96,Female,22,ECE,3.0,A,25,Lateral,2021,5,6.19,85,Good,Yes,Hostel,9723613255,student96@college.edu,Hyderabad,AP,Book_44,Author_44,Elsevier,Science,4874631168.0,2.0,Hindi,445.03,21.0,No,Damaged,Minor,2023.0,233.0,Paperback,First,Color,Reference,UK
I3190,S1147,B2044,05-02-2025,19-02-2025,22-02-2025,Returned,29.0,0.0,10.0,4,94.0,16,Science,No,2,L590,Morning,Offline,4,Student_147,Female,19,EEE,3.0,C,34,Regular,2023,6,7.89,87,Excellent,No,Hostel,9199915903,student147@college.edu,Vizag,AP,Book_44,Author_44,Elsevier,Science,4874631168.0,2.0,Hindi,445.03,21.0,No,Damaged,Minor,2023.0,233.0,Paperback,First,Color,Reference,UK
I3013,S1056,B2036,14-01-2025,28-01-2025,24-01-2025,Returned,26.0,,0.0,4,55.0,4,Science,Yes,4,L413,Evening,Offline,1,Student_56,Female,20,ME,2.0,A,62,Regular,2024,4,8.3,74,Average,No,Hostel,9491817310,student56@college.edu,Vijayawada,AP,Book_36,Author_36,Elsevier,Electronics,8475532324.0,1.0,Hindi,200.11,11.0,Yes,Average,Major,2018.0,143.0,Hardcover,Revised,Black&White,Textbook,USA
I3034,S1071,B2036,09-10-2025,23-10-2025,22-10-2025,Returned,12.0,3.0,20.0,5,43.0,15,Math,No,1,L434,Evening,Online,5,Student_71,Male,23,ECE,3.0,A,55,Lateral,2024,6,7.98,97,Good,No,Hostel,9349709555,student71@college.edu,Hyderabad,AP,Book_36,Author_36,Elsevier,Electronics,8475532324.0,1.0,Hindi,200.11,11.0,Yes,Average,Major,2018.0,143.0,Hardcover,Revised,Black&White,Textbook,USA
I3105,S1173,B2036,14-04-2025,28-04-2025,02-05-2025,Returned,25.0,1.0,0.0,2,94.0,13,Civil,No,5,L505,Evening,Offline,3,Student_173,Female,21,Civil,3.0,B,40,Regular,2022,2,8.75,82,Excellent,Yes,DayScholar,9418371718,student173@college.edu,Rajahmundry,AP,Book_36,Author_36,Elsevier,Electronics,8475532324.0,1.0,Hindi,200.11,11.0,Yes,Average,Major,2018.0,143.0,Hardcover,Revised,Black&White,Textbook,USA
I3049,S1056,B2046,09-10-2025,23-10-2025,,Not Returned,9.0,2.0,30.0,5,23.0,10,Math,Yes,0,L449,Evening,Offline,3,Student_56,Female,20,ME,2.0,A,62,Regular,2024,4,8.3,74,Average,No,Hostel,9491817310,student56@college.edu,Vijayawada,AP,Book_46,Author_46,Springer,Civil,6292882647.0,1.0,English,282.72,23.0,Yes,Average,Major,2021.0,392.0,Paperback,Revised,Black&White,Guide,UK
I3115,S1023,B2046,02-04-2025,16-04-2025,18-04-2025,Returned,30.0,0.0,30.0,5,70.0,12,Civil,Yes,5,L515,Morning,Offline,3,Student_23,Female,22,ECE,,A,77,Lateral,2023,6,8.98,75,Poor,Yes,DayScholar,9535633151,student23@college.edu,Hyderabad,AP,Book_46,Author_46,Springer,Civil,6292882647.0,1.0,English,282.72,23.0,Yes,Average,Major,2021.0,392.0,Paperback,Revised,Black&White,Guide,UK
I3014,S1045,B2093,29-11-2025,13-12-2025,12-12-2025,Returned,26.0,0.0,30.0,6,60.0,9,Civil,No,0,L414,Morning,Online,4,Student_45,Female,20,CSE,1.0,C,7,Regular,2022,4,5.86,89,Good,No,DayScholar,9712930781,student45@college.edu,Vijayawada,AP,Book_93,Author_93,Oxford,Electronics,3294906878.0,4.0,Hindi,940.38,14.0,No,Good,,2019.0,229.0,Paperback,Revised,Color,Textbook,India
I3110,S1035,B2093,11-11-2025,25-11-2025,25-11-2025,Returned,10.0,1.0,30.0,7,75.0,7,Electronics,Yes,2,L510,Morning,Online,4,Student_35,Male,19,ECE,4.0,A,73,Regular,2021,8,6.08,95,Excellent,Yes,DayScholar,9629551684,student35@college.edu,Hyderabad,AP,Book_93,Author_93,Oxford,Electronics,3294906878.0,4.0,Hindi,940.38,14.0,No,Good,,2019.0,229.0,Paperback,Revised,Color,Textbook,India
I3126,S1100,B2093,28-06-2025,12-07-2025,17-07-2025,Returned,24.0,3.0,10.0,5,21.0,2,Programming,Yes,0,L526,Morning,Offline,2,Student_100,Female,22,Civil,2.0,A,43,Lateral,2023,8,7.23,89,Excellent,Yes,Hostel,9461800330,student100@college.edu,Rajahmundry,AP,Book_93,Author_93,Oxford,Electronics,3294906878.0,4.0,Hindi,940.38,14.0,No,Good,,2019.0,229.0,Paperback,Revised,Color,Textbook,India
I3176,S1095,B2093,16-07-2025,30-07-2025,26-07-2025,Returned,29.0,1.0,10.0,2,61.0,13,Science,Yes,2,L576,Morning,Offline,5,Student_95,Male,20,ME,2.0,A,20,Regular,2023,3,8.0,74,Average,No,Hostel,9452328846,student95@college.edu,Rajahmundry,AP,Book_93,Author_93,Oxford,Electronics,3294906878.0,4.0,Hindi,940.38,14.0,No,Good,,2019.0,229.0,Paperback,Revised,Color,Textbook,India
I3022,S1045,B2050,25-04-2025,09-05-2025,05-05-2025,Returned,25.0,0.0,20.0,10,74.0,18,Math,Yes,4,L422,Evening,Offline,4,Student_45,Female,20,CSE,1.0,C,7,Regular,2022,4,5.86,89,Good,No,DayScholar,9712930781,student45@college.edu,Vijayawada,AP,Book_50,Author_50,McGraw Hill,Science,2441876174.0,3.0,Telugu,552.28,7.0,No,Average,,2022.0,674.0,Hardcover,First,Color,Guide,USA
I3018,S1096,B2050,27-08-2025,10-09-2025,08-09-2025,Returned,25.0,2.0,10.0,1,,4,Electronics,No,3,L418,Evening,Offline,4,Student_96,Female,22,ECE,3.0,A,25,Lateral,2021,5,6.19,85,Good,Yes,Hostel,9723613255,student96@college.edu,Hyderabad,AP,Book_50,Author_50,McGraw Hill,Science,2441876174.0,3.0,Telugu,552.28,7.0,No,Average,,2022.0,674.0,Hardcover,First,Color,Guide,USA
I3045,S1114,B2050,14-08-2025,28-08-2025,27-08-2025,Returned,29.0,3.0,10.0,10,43.0,7,Mechanical,Yes,4,L445,Morning,Online,1,Student_114,Female,19,Civil,2.0,B,22,Lateral,2023,3,8.09,63,Poor,No,Hostel,9727375859,student114@college.edu,Rajahmundry,AP,Book_50,Author_50,McGraw Hill,Science,2441876174.0,3.0,Telugu,552.28,7.0,No,Average,,2022.0,674.0,Hardcover,First,Color,Guide,USA
I3184,S1155,B2050,02-07-2025,16-07-2025,17-07-2025,Returned,26.0,1.0,30.0,9,77.0,7,Mechanical,No,0,L584,Morning,Online,1,Student_155,Female,19,ME,1.0,B,62,Lateral,2022,7,8.8,98,Poor,No,Hostel,9973937873,student155@college.edu,Vizag,AP,Book_50,Author_50,McGraw Hill,Science,2441876174.0,3.0,Telugu,552.28,7.0,No,Average,,2022.0,674.0,Hardcover,First,Color,Guide,USA
I3068,S1116,B2050,27-12-2025,10-01-2026,,Not Returned,8.0,0.0,10.0,5,74.0,1,Mechanical,No,3,L468,Evening,Online,4,Student_116,Female,24,ME,2.0,B,9,Regular,2022,4,5.69,67,Average,No,DayScholar,9738563368,student116@college.edu,Vizag,AP,Book_50,Author_50,McGraw Hill,Science,2441876174.0,3.0,Telugu,552.28,7.0,No,Average,,2022.0,674.0,Hardcover,First,Color,Guide,USA
I3109,S1069,B2050,14-07-2025,28-07-2025,24-07-2025,Returned,17.0,3.0,0.0,3,25.0,8,Math,Yes,4,L509,Morning,Online,4,Student_69,Male,22,Civil,3.0,C,40,Lateral,2024,5,9.84,71,Average,No,Hostel,9854910023,student69@college.edu,Rajahmundry,AP,Book_50,Author_50,McGraw Hill,Science,2441876174.0,3.0,Telugu,552.28,7.0,No,Average,,2022.0,674.0,Hardcover,First,Color,Guide,USA
I3143,S1138,B2050,12-12-2025,26-12-2025,01-01-2026,Returned,19.0,1.0,30.0,5,80.0,18,Mechanical,No,4,L543,Evening,Offline,4,Student_138,Female,18,EEE,4.0,A,44,Lateral,2023,2,7.62,69,Good,Yes,DayScholar,9972312527,student138@college.edu,Vijayawada,AP,Book_50,Author_50,McGraw Hill,Science,2441876174.0,3.0,Telugu,552.28,7.0,No,Average,,2022.0,674.0,Hardcover,First,Color,Guide,USA
I3149,S1045,B2151,16-04-2025,30-04-2025,04-05-2025,Returned,30.0,0.0,0.0,6,95.0,1,Mechanical,Yes,5,L549,Morning,Online,3,Student_45,Female,20,CSE,1.0,C,7,Regular,2022,4,5.86,89,Good,No,DayScholar,9712930781,student45@college.edu,Vijayawada,AP,Book_151,Author_151,Elsevier,Civil,4748273846.0,4.0,Telugu,249.4,40.0,Yes,Damaged,Major,2018.0,149.0,Paperback,Revised,Color,Textbook,USA
I3015,S1046,B2011,03-01-2025,17-01-2025,,Not Returned,30.0,3.0,10.0,9,19.0,13,Math,No,4,L415,Evening,Online,4,Student_46,Male,21,EEE,4.0,A,12,Regular,2024,6,5.67,86,Average,No,Hostel,9921117457,student46@college.edu,Vizag,AP,Book_11,Author_11,Springer,Civil,6634271326.0,1.0,,406.99,7.0,No,Damaged,,2021.0,612.0,Hardcover,Revised,Black&White,Textbook,India
I3185,S1017,B2011,19-01-2025,02-02-2025,06-02-2025,Returned,30.0,0.0,30.0,7,96.0,1,Science,No,1,L585,Evening,Offline,1,Student_17,Male,21,Civil,4.0,B,72,Regular,2022,3,9.52,65,Poor,Yes,DayScholar,9996438953,student17@college.edu,Vizag,AP,Book_11,Author_11,Springer,Civil,6634271326.0,1.0,,406.99,7.0,No,Damaged,,2021.0,612.0,Hardcover,Revised,Black&White,Textbook,India
I3016,S1053,B2005,10-07-2025,24-07-2025,20-07-2025,Returned,23.0,1.0,,4,76.0,19,Science,Yes,2,L416,Morning,Online,4,Student_53,Male,19,ECE,4.0,B,22,Regular,2021,8,8.93,73,Poor,Yes,DayScholar,9607130400,student53@college.edu,Rajahmundry,AP,Book_5,Author_5,McGraw Hill,Math,5961857822.0,2.0,Hindi,510.39,29.0,No,Damaged,,2019.0,733.0,Hardcover,Revised,Color,Guide,USA
I3137,S1119,B2005,26-10-2025,09-11-2025,,Not Returned,9.0,2.0,30.0,4,55.0,6,Programming,Yes,2,L537,Evening,Online,3,Student_119,Female,24,EEE,3.0,A,49,Regular,2022,7,6.17,66,Excellent,Yes,Hostel,9962377155,student119@college.edu,Vijayawada,AP,Book_5,Author_5,McGraw Hill,Math,5961857822.0,2.0,Hindi,510.39,29.0,No,Damaged,,2019.0,733.0,Hardcover,Revised,Color,Guide,USA
I3103,S1053,B2143,21-07-2025,04-08-2025,05-08-2025,Returned,9.0,0.0,30.0,2,41.0,15,Electronics,Yes,4,L503,Morning,Offline,3,Student_53,Male,19,ECE,4.0,B,22,Regular,2021,8,8.93,73,Poor,Yes,DayScholar,9607130400,student53@college.edu,Rajahmundry,AP,Book_143,Author_143,Elsevier,Programming,9981492907.0,5.0,English,637.02,25.0,No,Average,,2021.0,763.0,Hardcover,Second,Color,Guide,UK
I3104,S1096,B2024,13-04-2025,27-04-2025,25-04-2025,Returned,17.0,1.0,30.0,4,29.0,9,Electronics,Yes,1,L504,Morning,Online,3,Student_96,Female,22,ECE,3.0,A,25,Lateral,2021,5,6.19,85,Good,Yes,Hostel,9723613255,student96@college.edu,Hyderabad,AP,Book_24,Author_24,McGraw Hill,Science,9895171126.0,3.0,Telugu,816.69,11.0,No,Good,Major,2023.0,185.0,Paperback,Revised,Black&White,Reference,India
I3096,S1049,B2024,13-05-2025,27-05-2025,26-05-2025,Returned,30.0,0.0,0.0,8,42.0,10,Science,No,5,L496,Morning,Offline,2,Student_49,Female,23,Civil,1.0,A,27,Lateral,2024,3,8.84,100,Average,No,Hostel,9847619247,student49@college.edu,Vizag,AP,Book_24,Author_24,McGraw Hill,Science,9895171126.0,3.0,Telugu,816.69,11.0,No,Good,Major,2023.0,185.0,Paperback,Revised,Black&White,Reference,India
I3019,S1006,B2084,22-12-2025,05-01-2026,08-01-2026,Returned,14.0,3.0,0.0,7,64.0,3,Mechanical,Yes,2,L419,Evening,Online,5,Student_6,Male,20,ECE,3.0,A,63,Regular,2021,8,8.59,84,Average,No,DayScholar,9145061192,student6@college.edu,Vizag,AP,Book_84,Author_84,Springer,Math,3134825194.0,4.0,Hindi,258.8,48.0,No,Damaged,Major,2023.0,417.0,Paperback,First,Color,Guide,India
I3021,S1057,B2057,07-10-2025,21-10-2025,21-10-2025,Returned,13.0,2.0,20.0,7,67.0,6,Programming,Yes,3,L421,Evening,Online,1,Student_57,Male,24,ME,2.0,C,69,Lateral,2022,3,5.5,79,Good,No,DayScholar,9833409523,student57@college.edu,Rajahmundry,AP,Book_57,Author_57,McGraw Hill,Mechanical,9705838512.0,2.0,Hindi,341.36,44.0,Yes,Average,Minor,2018.0,495.0,Paperback,Revised,Black&White,Textbook,USA
I3188,S1035,B2057,08-08-2025,22-08-2025,,Not Returned,15.0,3.0,0.0,2,25.0,14,Science,Yes,2,L588,Evening,Offline,3,Student_35,Male,19,ECE,4.0,A,73,Regular,2021,8,6.08,95,Excellent,Yes,DayScholar,9629551684,student35@college.edu,Hyderabad,AP,Book_57,Author_57,McGraw Hill,Mechanical,9705838512.0,2.0,Hindi,341.36,44.0,Yes,Average,Minor,2018.0,495.0,Paperback,Revised,Black&White,Textbook,USA
I3023,S1091,B2007,18-03-2025,01-04-2025,05-04-2025,Returned,19.0,0.0,10.0,7,14.0,6,Programming,No,0,L423,Morning,Offline,4,Student_91,Female,22,ME,4.0,C,47,Regular,2022,7,9.21,62,Average,Yes,Hostel,9580684052,student91@college.edu,Hyderabad,AP,Book_7,Author_7,Elsevier,Math,4660065612.0,5.0,English,,37.0,No,Damaged,,2020.0,650.0,Hardcover,Second,Color,Reference,USA
I3025,S1146,B2121,08-06-2025,22-06-2025,23-06-2025,Returned,16.0,0.0,30.0,10,76.0,17,Science,Yes,2,L425,Evening,Offline,4,Student_146,Female,24,ME,2.0,A,3,Regular,2022,2,8.19,65,Excellent,No,Hostel,9282789060,student146@college.edu,Vizag,AP,Book_121,Author_121,Elsevier,Electronics,8447620940.0,1.0,Telugu,331.82,,Yes,Damaged,Major,2021.0,187.0,Paperback,Revised,Color,Textbook,India
I3041,S1167,B2121,17-11-2025,01-12-2025,27-11-2025,Returned,17.0,3.0,0.0,6,18.0,12,Mechanical,Yes,5,L441,Evening,Offline,2,Student_167,Male,20,ME,4.0,B,3,Regular,2022,8,6.79,90,Poor,No,Hostel,9850982958,student167@college.edu,Rajahmundry,AP,Book_121,Author_121,Elsevier,Electronics,8447620940.0,1.0,Telugu,331.82,,Yes,Damaged,Major,2021.0,187.0,Paperback,Revised,Color,Textbook,India
I3027,S1000,B2107,06-02-2025,20-02-2025,23-02-2025,Returned,25.0,3.0,30.0,9,72.0,18,Programming,Yes,2,L427,Evening,Offline,2,Student_0,Female,18,ECE,2.0,C,26,Regular,2024,6,6.72,76,Average,No,DayScholar,9277705184,student0@college.edu,Hyderabad,AP,Book_107,Author_107,Springer,Math,2009527625.0,5.0,Hindi,541.16,32.0,No,Average,Major,2021.0,401.0,Paperback,Second,Color,Guide,USA
I3159,S1000,B2072,23-01-2025,06-02-2025,03-02-2025,Returned,20.0,1.0,30.0,5,89.0,4,Science,No,5,L559,Morning,Offline,3,Student_0,Female,18,ECE,2.0,C,26,Regular,2024,6,6.72,76,Average,No,DayScholar,9277705184,student0@college.edu,Hyderabad,AP,Book_72,Author_72,Pearson,Science,1077243887.0,1.0,English,663.45,9.0,No,Good,Major,2022.0,726.0,Hardcover,First,Black&White,Guide,USA
I3028,S1111,B2003,17-12-2025,31-12-2025,05-01-2026,Returned,19.0,1.0,0.0,9,84.0,4,Civil,No,4,L428,Evening,Offline,3,Student_111,Female,19,ME,4.0,C,37,Lateral,2022,6,5.06,84,Poor,No,Hostel,9167747551,student111@college.edu,Rajahmundry,AP,Book_3,Author_3,Oxford,Math,7306513296.0,4.0,English,929.15,3.0,Yes,Damaged,,2018.0,179.0,Paperback,Revised,Color,Textbook,USA
I3199,S1081,B2003,20-07-2025,03-08-2025,01-08-2025,Returned,29.0,1.0,10.0,2,54.0,6,Math,No,0,L599,Morning,Offline,3,Student_81,Female,23,ECE,1.0,B,53,Regular,2022,7,8.31,98,Good,No,DayScholar,9198485068,student81@college.edu,Rajahmundry,AP,Book_3,Author_3,Oxford,Math,7306513296.0,4.0,English,929.15,3.0,Yes,Damaged,,2018.0,179.0,Paperback,Revised,Color,Textbook,USA
I3029,S1025,B2053,29-08-2025,12-09-2025,13-09-2025,Returned,29.0,0.0,20.0,1,97.0,1,Programming,No,1,L429,Morning,Online,1,Student_25,Male,21,ME,3.0,A,7,Lateral,2022,4,7.81,93,Good,Yes,DayScholar,9460101321,student25@college.edu,Vizag,AP,Book_53,Author_53,Pearson,Programming,9394670898.0,4.0,Telugu,745.71,33.0,Yes,Average,Minor,2020.0,106.0,Paperback,First,Black&White,Reference,USA
I3051,S1016,B2053,19-08-2025,02-09-2025,01-09-2025,Returned,26.0,2.0,30.0,7,80.0,20,Science,No,3,L451,Morning,Offline,1,Student_16,Male,18,ECE,4.0,B,15,Regular,2024,2,8.05,82,Average,Yes,Hostel,9113145003,student16@college.edu,Vijayawada,AP,Book_53,Author_53,Pearson,Programming,9394670898.0,4.0,Telugu,745.71,33.0,Yes,Average,Minor,2020.0,106.0,Paperback,First,Black&White,Reference,USA
I3094,S1025,B2126,28-11-2025,12-12-2025,08-12-2025,Returned,23.0,2.0,30.0,4,73.0,2,Science,No,1,L494,Evening,Offline,4,Student_25,Male,21,ME,3.0,A,7,Lateral,2022,4,7.81,93,Good,Yes,DayScholar,9460101321,student25@college.edu,Vizag,AP,Book_126,Author_126,Springer,Science,1845058903.0,4.0,Hindi,661.09,27.0,Yes,Damaged,Minor,2023.0,536.0,Paperback,Second,Black&White,Textbook,India
I3166,S1025,B2149,05-02-2025,19-02-2025,20-02-2025,Returned,26.0,2.0,20.0,2,61.0,7,Science,Yes,3,L566,Evening,Online,4,Student_25,Male,21,ME,3.0,A,7,Lateral,2022,4,7.81,93,Good,Yes,DayScholar,9460101321,student25@college.edu,Vizag,AP,Book_149,Author_149,Oxford,Mechanical,7761986651.0,5.0,Hindi,753.45,38.0,Yes,Good,,2021.0,100.0,Paperback,First,Black&White,Reference,UK
I3071,S1104,B2149,10-02-2025,24-02-2025,,Not Returned,28.0,3.0,20.0,5,95.0,17,Math,No,2,L471,Morning,Online,4,Student_104,Male,20,Civil,4.0,B,12,Lateral,2022,4,6.71,67,Poor,Yes,DayScholar,9338078545,student104@college.edu,Vijayawada,AP,Book_149,Author_149,Oxford,Mechanical,7761986651.0,5.0,Hindi,753.45,38.0,Yes,Good,,2021.0,100.0,Paperback,First,Black&White,Reference,UK
I3191,S1140,B2029,11-06-2025,25-06-2025,25-06-2025,Returned,7.0,2.0,20.0,8,50.0,5,Science,No,0,L591,Evening,Online,4,Student_140,Female,21,ME,4.0,A,68,Lateral,2024,5,8.59,96,Poor,Yes,Hostel,9930616908,student140@college.edu,Rajahmundry,AP,Book_29,Author_29,Elsevier,Mechanical,8596019555.0,4.0,English,779.68,34.0,No,Good,Minor,2022.0,546.0,Paperback,Second,Black&White,Guide,UK
I3054,S1079,B2029,12-05-2025,26-05-2025,31-05-2025,Returned,27.0,1.0,10.0,7,40.0,10,Civil,Yes,4,L454,Evening,Offline,2,Student_79,Female,21,Civil,1.0,B,39,Lateral,2023,7,8.26,61,Average,Yes,DayScholar,9858690691,student79@college.edu,Rajahmundry,AP,Book_29,Author_29,Elsevier,Mechanical,8596019555.0,4.0,English,779.68,34.0,No,Good,Minor,2022.0,546.0,Paperback,Second,Black&White,Guide,UK
I3044,S1170,B2029,19-11-2025,03-12-2025,30-11-2025,Returned,11.0,2.0,20.0,1,97.0,2,Math,Yes,4,L444,Evening,Online,5,Student_170,Female,21,EEE,3.0,A,62,Regular,2024,5,5.36,66,Average,No,Hostel,9634617674,student170@college.edu,Hyderabad,AP,Book_29,Author_29,Elsevier,Mechanical,8596019555.0,4.0,English,779.68,34.0,No,Good,Minor,2022.0,546.0,Paperback,Second,Black&White,Guide,UK
I3084,S1086,B2029,29-10-2025,12-11-2025,09-11-2025,Returned,27.0,1.0,20.0,7,28.0,11,Math,No,2,L484,Morning,Online,1,Student_86,Male,22,CSE,1.0,C,52,Lateral,2021,4,6.59,84,Average,No,Hostel,9841677179,student86@college.edu,Vijayawada,AP,Book_29,Author_29,Elsevier,Mechanical,8596019555.0,4.0,English,779.68,34.0,No,Good,Minor,2022.0,546.0,Paperback,Second,Black&White,Guide,UK
I3031,S1126,B2094,28-05-2025,11-06-2025,10-06-2025,Returned,30.0,0.0,30.0,6,30.0,12,Science,Yes,0,L431,Evening,Offline,4,Student_126,Male,20,ECE,4.0,B,69,Regular,2022,5,5.41,91,Average,No,DayScholar,9150753020,student126@college.edu,Rajahmundry,AP,Book_94,Author_94,Pearson,Science,7377021872.0,2.0,English,866.68,39.0,No,Damaged,Major,2020.0,553.0,Paperback,Revised,Color,Guide,India
I3085,S1167,B2094,07-09-2025,21-09-2025,17-09-2025,Returned,21.0,2.0,10.0,8,63.0,12,Civil,No,3,L485,Evening,Offline,2,Student_167,Male,20,ME,4.0,B,3,Regular,2022,8,6.79,90,Poor,No,Hostel,9850982958,student167@college.edu,Rajahmundry,AP,Book_94,Author_94,Pearson,Science,7377021872.0,2.0,English,866.68,39.0,No,Damaged,Major,2020.0,553.0,Paperback,Revised,Color,Guide,India
I3032,S1150,B2140,14-03-2025,28-03-2025,24-03-2025,Returned,27.0,1.0,0.0,7,47.0,20,Programming,No,4,L432,Evening,Offline,2,Student_150,Female,22,ECE,4.0,A,14,Lateral,2022,3,8.83,75,Good,No,DayScholar,9274349138,student150@college.edu,Vijayawada,AP,Book_140,Author_140,Oxford,Science,5383521787.0,4.0,Telugu,710.29,26.0,Yes,Good,,2021.0,489.0,Hardcover,Second,Color,Textbook,UK
I3033,S1047,B2023,05-07-2025,19-07-2025,23-07-2025,Returned,11.0,0.0,30.0,3,65.0,6,Science,No,0,L433,Evening,Offline,3,Student_47,Female,18,ME,1.0,A,79,Lateral,2024,7,6.29,79,Poor,No,DayScholar,9123160320,student47@college.edu,Vijayawada,AP,Book_23,Author_23,Oxford,Electronics,6995891173.0,2.0,English,877.98,36.0,Yes,Good,Major,2023.0,373.0,Hardcover,Revised,Color,Textbook,USA
I3116,S1074,B2023,07-08-2025,21-08-2025,25-08-2025,Returned,22.0,0.0,30.0,6,23.0,14,Civil,Yes,0,L516,Evening,Online,5,Student_74,Female,19,CSE,4.0,B,20,Lateral,2022,7,9.08,93,Average,Yes,DayScholar,9857046188,student74@college.edu,Hyderabad,AP,Book_23,Author_23,Oxford,Electronics,6995891173.0,2.0,English,877.98,36.0,Yes,Good,Major,2023.0,373.0,Hardcover,Revised,Color,Textbook,USA
I3057,S1047,B2137,07-08-2025,21-08-2025,18-08-2025,Returned,12.0,0.0,0.0,2,39.0,10,Mechanical,Yes,1,L457,Morning,Online,3,Student_47,Female,18,ME,1.0,A,79,Lateral,2024,7,6.29,79,Poor,No,DayScholar,9123160320,student47@college.edu,Vijayawada,AP,Book_137,Author_137,Elsevier,Programming,6147565440.0,5.0,English,454.37,50.0,No,Average,Minor,2018.0,139.0,Paperback,Revised,Color,Reference,USA
I3125,S1058,B2137,16-03-2025,30-03-2025,02-04-2025,Returned,23.0,3.0,0.0,8,30.0,17,Science,No,3,L525,Morning,Online,5,Student_58,Male,24,Civil,2.0,C,66,Lateral,2024,4,5.58,95,Good,Yes,DayScholar,9287194929,student58@college.edu,Rajahmundry,AP,Book_137,Author_137,Elsevier,Programming,6147565440.0,5.0,English,454.37,50.0,No,Average,Minor,2018.0,139.0,Paperback,Revised,Color,Reference,USA
I3164,S1071,B2138,06-09-2025,20-09-2025,,Not Returned,30.0,1.0,20.0,3,45.0,15,Electronics,No,3,L564,Morning,Online,2,Student_71,Male,23,ECE,3.0,A,55,Lateral,2024,6,7.98,97,Good,No,Hostel,9349709555,student71@college.edu,Hyderabad,AP,Book_138,Author_138,Elsevier,Programming,7271175562.0,4.0,Telugu,248.93,1.0,No,Average,,2020.0,472.0,Paperback,Revised,Black&White,Reference,India
I3036,S1121,B2138,18-10-2025,01-11-2025,31-10-2025,Returned,8.0,2.0,10.0,4,51.0,11,Programming,Yes,5,L436,Morning,Online,4,Student_121,Male,24,ECE,2.0,C,25,Regular,2022,1,8.76,63,Average,Yes,Hostel,9307254551,student121@college.edu,Hyderabad,AP,Book_138,Author_138,Elsevier,Programming,7271175562.0,4.0,Telugu,248.93,1.0,No,Average,,2020.0,472.0,Paperback,Revised,Black&White,Reference,India
I3081,S1121,B2116,06-06-2025,20-06-2025,24-06-2025,Returned,14.0,1.0,0.0,3,83.0,14,Civil,No,2,L481,Morning,Offline,1,Student_121,Male,24,ECE,2.0,C,25,Regular,2022,1,8.76,63,Average,Yes,Hostel,9307254551,student121@college.edu,Hyderabad,AP,Book_116,Author_116,McGraw Hill,Civil,9620718980.0,1.0,English,492.24,33.0,Yes,Damaged,,2021.0,733.0,Paperback,Revised,Color,Reference,UK
I3123,S1080,B2116,23-05-2025,06-06-2025,02-06-2025,Returned,8.0,3.0,30.0,7,87.0,6,Mechanical,No,3,L523,Evening,Offline,4,Student_80,Female,24,ME,2.0,C,66,Lateral,2021,6,9.08,73,Good,Yes,DayScholar,9117618103,student80@college.edu,Vizag,AP,Book_116,Author_116,McGraw Hill,Civil,9620718980.0,1.0,English,492.24,33.0,Yes,Damaged,,2021.0,733.0,Paperback,Revised,Color,Reference,UK
I3114,S1121,B2019,14-08-2025,28-08-2025,,Not Returned,10.0,1.0,10.0,9,89.0,19,Math,No,3,L514,Morning,Offline,3,Student_121,Male,24,ECE,2.0,C,25,Regular,2022,1,8.76,63,Average,Yes,Hostel,9307254551,student121@college.edu,Hyderabad,AP,Book_19,Author_19,Oxford,Math,3853431395.0,2.0,,683.45,6.0,Yes,Damaged,Major,2019.0,718.0,Paperback,Revised,Color,Textbook,UK
I3074,S1159,B2117,14-08-2025,28-08-2025,28-08-2025,Returned,8.0,0.0,30.0,9,39.0,10,Civil,Yes,3,L474,Evening,Online,1,Student_159,Male,24,ME,1.0,A,36,Lateral,2023,8,8.27,91,Poor,No,Hostel,9804132338,student159@college.edu,Hyderabad,AP,Book_117,Author_117,Oxford,Mechanical,4028992274.0,4.0,Telugu,739.82,36.0,Yes,Good,Minor,2024.0,373.0,Hardcover,First,Color,Reference,USA
I3181,S1159,B2067,09-03-2025,23-03-2025,23-03-2025,Returned,8.0,2.0,30.0,8,33.0,8,Civil,Yes,3,L581,Evening,Online,2,Student_159,Male,24,ME,1.0,A,36,Lateral,2023,8,8.27,91,Poor,No,Hostel,9804132338,student159@college.edu,Hyderabad,AP,Book_67,Author_67,Oxford,Math,3453064736.0,2.0,Hindi,621.08,41.0,Yes,Good,,2020.0,223.0,Paperback,Revised,Black&White,Textbook,India
I3146,S1124,B2067,21-10-2025,04-11-2025,,Not Returned,18.0,1.0,10.0,5,66.0,14,Mechanical,No,2,L546,Morning,Online,1,Student_124,Female,23,ECE,1.0,C,4,Regular,2022,7,9.4,66,Average,Yes,DayScholar,9243552755,student124@college.edu,Hyderabad,AP,Book_67,Author_67,Oxford,Math,3453064736.0,2.0,Hindi,621.08,41.0,Yes,Good,,2020.0,223.0,Paperback,Revised,Black&White,Textbook,India
I3039,S1129,B2105,26-04-2025,10-05-2025,,Not Returned,9.0,3.0,20.0,2,26.0,15,Science,No,0,L439,Evening,Offline,1,Student_129,Male,21,CSE,2.0,B,23,Lateral,2022,5,8.71,99,Average,No,Hostel,9130739273,student129@college.edu,Rajahmundry,AP,Book_105,Author_105,Elsevier,Mechanical,4394861599.0,4.0,Hindi,813.5,47.0,No,Good,,2018.0,710.0,Hardcover,Revised,Black&White,Reference,USA
I3048,S1129,B2045,17-07-2025,31-07-2025,05-08-2025,Returned,28.0,0.0,20.0,7,10.0,4,Electronics,No,1,L448,Evening,Online,3,Student_129,Male,21,CSE,2.0,B,23,Lateral,2022,5,8.71,99,Average,No,Hostel,9130739273,student129@college.edu,Rajahmundry,AP,Book_45,Author_45,Springer,Math,7535588425.0,2.0,English,579.17,9.0,Yes,Good,Major,2019.0,164.0,Paperback,Revised,Black&White,Textbook,UK
I3040,S1079,B2012,08-06-2025,22-06-2025,18-06-2025,Returned,24.0,3.0,10.0,7,82.0,17,Mechanical,No,3,L440,Evening,Offline,3,Student_79,Female,21,Civil,1.0,B,39,Lateral,2023,7,8.26,61,Average,Yes,DayScholar,9858690691,student79@college.edu,Rajahmundry,AP,Book_12,Author_12,Springer,Science,3001809173.0,4.0,Telugu,240.45,17.0,No,Damaged,Major,2018.0,504.0,Hardcover,Second,Color,Textbook,India
I3158,S1079,B2032,10-06-2025,24-06-2025,,Not Returned,13.0,2.0,20.0,9,50.0,12,Math,No,2,L558,Evening,Offline,4,Student_79,Female,21,Civil,1.0,B,39,Lateral,2023,7,8.26,61,Average,Yes,DayScholar,9858690691,student79@college.edu,Rajahmundry,AP,Book_32,Author_32,Elsevier,Electronics,7313003256.0,2.0,Telugu,582.59,46.0,Yes,Good,Major,2018.0,485.0,Hardcover,Revised,Black&White,Reference,India
I3134,S1167,B2098,08-09-2025,22-09-2025,18-09-2025,Returned,24.0,1.0,10.0,4,77.0,1,Civil,Yes,2,L534,Evening,Online,4,Student_167,Male,20,ME,4.0,B,3,Regular,2022,8,6.79,90,Poor,No,Hostel,9850982958,student167@college.edu,Rajahmundry,AP,Book_98,Author_98,McGraw Hill,Math,5211695949.0,3.0,Telugu,848.16,1.0,Yes,Average,,2020.0,228.0,Hardcover,First,Black&White,Textbook,USA
I3063,S1082,B2098,05-08-2025,19-08-2025,22-08-2025,Returned,25.0,1.0,20.0,6,38.0,12,Electronics,No,3,L463,Morning,Offline,3,Student_82,Male,21,ECE,3.0,B,15,Lateral,2021,5,9.1,82,Good,No,DayScholar,9192330411,student82@college.edu,Vizag,AP,Book_98,Author_98,McGraw Hill,Math,5211695949.0,3.0,Telugu,848.16,1.0,Yes,Average,,2020.0,228.0,Hardcover,First,Black&White,Textbook,USA
I3042,S1118,B2022,26-04-2025,10-05-2025,15-05-2025,Returned,10.0,1.0,30.0,8,68.0,10,Electronics,No,3,L442,Morning,Offline,1,Student_118,Male,22,Civil,4.0,A,20,Lateral,2024,8,6.24,92,Poor,Yes,DayScholar,9274516311,student118@college.edu,Rajahmundry,AP,Book_22,Author_22,Springer,Civil,9095104320.0,2.0,Telugu,531.19,35.0,No,Damaged,Major,2022.0,630.0,Paperback,First,Color,Textbook,India
I3093,S1031,B2022,01-07-2025,15-07-2025,,Not Returned,13.0,2.0,30.0,3,15.0,18,Civil,No,3,L493,Morning,Offline,4,Student_31,Female,20,ME,4.0,C,21,Regular,2021,2,8.54,67,Poor,No,Hostel,9822172515,student31@college.edu,Hyderabad,AP,Book_22,Author_22,Springer,Civil,9095104320.0,2.0,Telugu,531.19,35.0,No,Damaged,Major,2022.0,630.0,Paperback,First,Color,Textbook,India
I3043,S1098,B2141,17-07-2025,31-07-2025,30-07-2025,Returned,10.0,2.0,20.0,9,39.0,18,Science,No,1,L443,Evening,Online,3,Student_98,Male,20,Civil,4.0,B,75,Regular,2022,1,7.31,85,Average,No,Hostel,9405675402,student98@college.edu,Vizag,AP,Book_141,Author_141,McGraw Hill,Mechanical,2215052325.0,4.0,Hindi,668.21,20.0,No,Average,,2019.0,559.0,Paperback,Second,Color,Reference,UK
I3055,S1170,B2159,10-01-2025,24-01-2025,20-01-2025,Returned,29.0,3.0,20.0,8,70.0,9,Science,Yes,5,L455,Morning,Online,2,Student_170,Female,21,EEE,3.0,A,62,Regular,2024,5,5.36,66,Average,No,Hostel,9634617674,student170@college.edu,Hyderabad,AP,Book_159,Author_159,Springer,Mechanical,9737291733.0,5.0,English,374.68,44.0,Yes,Average,,2020.0,462.0,Hardcover,First,Black&White,Textbook,UK
I3055,S1170,B2159,10-01-2025,24-01-2025,20-01-2025,Returned,29.0,3.0,20.0,8,70.0,9,Science,Yes,5,L455,Morning,Online,2,Student_170,Female,21,EEE,3.0,A,62,Regular,2024,5,5.36,66,Average,No,Hostel,9634617674,student170@college.edu,Hyderabad,AP,Book_159,Author_159,Springer,Mechanical,9737291733.0,5.0,English,374.68,44.0,Yes,Average,,2020.0,462.0,Hardcover,First,Black&White,Textbook,UK
I3047,S1019,B2059,02-12-2025,16-12-2025,17-12-2025,Returned,18.0,2.0,0.0,9,72.0,9,Electronics,No,5,L447,Morning,Offline,1,Student_19,Female,23,ME,2.0,C,29,Lateral,2022,8,5.22,63,Excellent,No,Hostel,9767810776,student19@college.edu,Vijayawada,AP,Book_59,Author_59,Springer,Science,6181710473.0,5.0,Hindi,627.06,50.0,No,Damaged,,2020.0,786.0,Paperback,Second,Color,Guide,India
I3088,S1019,B2021,22-04-2025,06-05-2025,12-05-2025,Returned,23.0,1.0,20.0,1,81.0,2,Civil,No,1,L488,Evening,Offline,5,Student_19,Female,23,ME,2.0,C,29,Lateral,2022,8,5.22,63,Excellent,No,Hostel,9767810776,student19@college.edu,Vijayawada,AP,Book_21,Author_21,Pearson,Science,9538108318.0,1.0,Telugu,890.68,28.0,No,Damaged,Minor,2018.0,749.0,Hardcover,Revised,Color,Guide,USA
I3182,S1151,B2021,30-09-2025,14-10-2025,20-10-2025,Returned,20.0,1.0,0.0,1,26.0,10,Math,Yes,2,L582,Morning,Offline,4,Student_151,Male,22,EEE,4.0,B,52,Regular,2022,5,6.69,89,Good,No,DayScholar,9286230441,student151@college.edu,Hyderabad,AP,Book_21,Author_21,Pearson,Science,9538108318.0,1.0,Telugu,890.68,28.0,No,Damaged,Minor,2018.0,749.0,Hardcover,Revised,Color,Guide,USA
I3050,S1022,B2037,14-08-2025,28-08-2025,27-08-2025,Returned,29.0,0.0,0.0,2,24.0,12,Science,Yes,4,L450,Evening,Online,2,Student_22,Male,19,Civil,3.0,B,77,Lateral,2024,3,9.3,63,Good,Yes,DayScholar,9413716908,student22@college.edu,Vizag,AP,Book_37,Author_37,Oxford,Science,1606140711.0,2.0,Telugu,920.63,45.0,No,Good,Major,2023.0,304.0,Paperback,First,Black&White,Reference,India
I3131,S1073,B2037,03-08-2025,17-08-2025,23-08-2025,Returned,26.0,0.0,30.0,1,19.0,6,Math,No,2,L531,Morning,Online,3,Student_73,Male,18,EEE,4.0,C,16,Regular,2024,5,6.73,62,Excellent,No,DayScholar,9750999512,student73@college.edu,Rajahmundry,AP,Book_37,Author_37,Oxford,Science,1606140711.0,2.0,Telugu,920.63,45.0,No,Good,Major,2023.0,304.0,Paperback,First,Black&White,Reference,India
I3053,S1080,B2035,19-11-2025,03-12-2025,06-12-2025,Returned,14.0,1.0,10.0,2,89.0,13,Math,Yes,0,L453,Evening,Offline,4,Student_80,Female,24,ME,2.0,C,66,Lateral,2021,6,9.08,73,Good,Yes,DayScholar,9117618103,student80@college.edu,Vizag,AP,Book_35,Author_35,McGraw Hill,Mechanical,5953912048.0,5.0,Hindi,273.35,37.0,No,Good,,2020.0,558.0,Hardcover,Second,Color,Guide,USA
I3138,S1080,B2120,20-02-2025,06-03-2025,,Not Returned,17.0,3.0,0.0,6,45.0,14,Electronics,Yes,4,L538,Evening,Offline,3,Student_80,Female,24,ME,2.0,C,66,Lateral,2021,6,9.08,73,Good,Yes,DayScholar,9117618103,student80@college.edu,Vizag,AP,Book_120,Author_120,Elsevier,Math,1774107871.0,4.0,English,785.02,3.0,Yes,Damaged,,2021.0,632.0,Paperback,Revised,Color,Reference,USA
I3058,S1044,B2148,06-04-2025,20-04-2025,16-04-2025,Returned,21.0,0.0,10.0,4,92.0,1,Math,No,0,L458,Evening,Offline,3,Student_44,Male,18,EEE,4.0,B,56,Lateral,2021,5,7.57,88,Average,Yes,DayScholar,9829528575,student44@college.edu,Vijayawada,AP,Book_148,Author_148,McGraw Hill,Science,6524266508.0,2.0,Hindi,790.19,4.0,Yes,Average,Major,2020.0,369.0,Paperback,Revised,Black&White,Textbook,UK
I3178,S1044,B2086,18-02-2025,04-03-2025,04-03-2025,Returned,22.0,2.0,20.0,2,91.0,14,Science,No,1,L578,Morning,Online,1,Student_44,Male,18,EEE,4.0,B,56,Lateral,2021,5,7.57,88,Average,Yes,DayScholar,9829528575,student44@college.edu,Vijayawada,AP,Book_86,Author_86,Elsevier,Science,2432244638.0,1.0,Telugu,561.73,24.0,Yes,Good,Major,2021.0,797.0,Hardcover,First,Black&White,Guide,USA
I3059,S1149,B2065,29-07-2025,12-08-2025,09-08-2025,Returned,7.0,3.0,10.0,5,35.0,1,Civil,Yes,0,L459,Morning,Online,3,Student_149,Male,22,Civil,3.0,A,49,Lateral,2024,8,6.14,65,Average,No,DayScholar,9518980955,student149@college.edu,Rajahmundry,AP,Book_65,Author_65,Elsevier,Mechanical,9780252713.0,2.0,English,843.79,25.0,No,Average,Minor,2023.0,480.0,Paperback,Revised,Black&White,Textbook,India
I3161,S1061,B2065,15-03-2025,29-03-2025,03-04-2025,Returned,19.0,1.0,0.0,8,61.0,15,Programming,Yes,0,L561,Morning,Online,4,Student_61,Male,18,EEE,1.0,A,12,Lateral,2024,1,9.26,92,Average,Yes,DayScholar,9310793368,student61@college.edu,Vizag,AP,Book_65,Author_65,Elsevier,Mechanical,9780252713.0,2.0,English,843.79,25.0,No,Average,Minor,2023.0,480.0,Paperback,Revised,Black&White,Textbook,India
I3061,S1155,B2079,30-08-2025,13-09-2025,10-09-2025,Returned,22.0,0.0,20.0,6,84.0,11,Electronics,No,0,L461,Evening,Online,5,Student_155,Female,19,ME,1.0,B,62,Lateral,2022,7,8.8,98,Poor,No,Hostel,9973937873,student155@college.edu,Vizag,AP,Book_79,Author_79,McGraw Hill,Programming,8115825382.0,1.0,English,553.44,46.0,No,Damaged,Minor,2021.0,240.0,Hardcover,Second,Color,Guide,UK
I3062,S1068,B2131,20-08-2025,03-09-2025,30-08-2025,Returned,18.0,2.0,0.0,7,32.0,4,Math,Yes,1,L462,Morning,Online,4,Student_68,Male,23,ME,4.0,C,60,Lateral,2021,7,6.14,87,Poor,Yes,Hostel,9376901897,student68@college.edu,Vijayawada,AP,Book_131,Author_131,Oxford,Civil,5183082045.0,4.0,Hindi,247.84,26.0,Yes,Good,Minor,2023.0,583.0,Hardcover,First,Black&White,Reference,India
I3195,S1081,B2131,26-09-2025,10-10-2025,,Not Returned,10.0,2.0,0.0,6,80.0,6,Electronics,Yes,3,L595,Morning,Online,5,Student_81,Female,23,ECE,1.0,B,53,Regular,2022,7,8.31,98,Good,No,DayScholar,9198485068,student81@college.edu,Rajahmundry,AP,Book_131,Author_131,Oxford,Civil,5183082045.0,4.0,Hindi,247.84,26.0,Yes,Good,Minor,2023.0,583.0,Hardcover,First,Black&White,Reference,India
I3064,S1163,B2061,18-12-2025,01-01-2026,02-01-2026,Returned,13.0,1.0,0.0,3,14.0,13,Mechanical,Yes,4,L464,Evening,Offline,2,Student_163,Male,20,Civil,2.0,A,12,Lateral,2022,4,6.7,70,Average,Yes,DayScholar,9790273739,student163@college.edu,Vizag,AP,Book_61,Author_61,Elsevier,Math,7614460540.0,4.0,Hindi,227.62,17.0,No,Damaged,,2023.0,593.0,Paperback,First,Black&White,Guide,UK
I3065,S1085,B2068,19-07-2025,02-08-2025,07-08-2025,Returned,8.0,2.0,0.0,5,16.0,1,Math,No,0,L465,Morning,Offline,5,Student_85,Male,23,ECE,4.0,A,5,Lateral,2022,2,6.0,76,Average,Yes,DayScholar,9537008994,student85@college.edu,Vijayawada,AP,Book_68,Author_68,McGraw Hill,Mechanical,1910786668.0,2.0,Telugu,828.1,48.0,No,Damaged,,2019.0,134.0,Hardcover,First,Black&White,Guide,UK
I3066,S1003,B2118,30-05-2025,13-06-2025,15-06-2025,Returned,9.0,1.0,0.0,5,86.0,10,Math,Yes,2,L466,Evening,Online,4,Student_3,Female,22,ME,4.0,C,67,Lateral,2021,3,6.19,66,Good,Yes,Hostel,9455681335,student3@college.edu,Vijayawada,AP,Book_118,Author_118,McGraw Hill,Electronics,6328989421.0,4.0,English,773.96,10.0,Yes,Good,,2022.0,222.0,Hardcover,Revised,Black&White,Guide,India
I3070,S1066,B2069,24-07-2025,07-08-2025,03-08-2025,Returned,24.0,0.0,20.0,5,43.0,14,Math,Yes,1,L470,Evening,Online,3,Student_66,Male,22,CSE,2.0,C,21,Regular,2024,7,7.42,78,Poor,Yes,Hostel,9837024452,student66@college.edu,Rajahmundry,AP,Book_69,Author_69,Pearson,Science,4600651694.0,5.0,English,992.39,37.0,Yes,Average,Minor,2019.0,444.0,Hardcover,Second,Color,Textbook,India
I3098,S1041,B2069,02-07-2025,16-07-2025,13-07-2025,Returned,9.0,3.0,30.0,10,53.0,16,Science,No,4,L498,Evening,Online,3,Student_41,Male,18,ECE,1.0,C,6,Regular,2021,4,5.13,64,Average,Yes,DayScholar,9187104772,student41@college.edu,Vijayawada,AP,Book_69,Author_69,Pearson,Science,4600651694.0,5.0,English,992.39,37.0,Yes,Average,Minor,2019.0,444.0,Hardcover,Second,Color,Textbook,India
I3133,S1160,B2069,04-06-2025,18-06-2025,,Not Returned,30.0,0.0,20.0,2,47.0,5,Math,Yes,1,L533,Evening,Online,1,Student_160,Female,19,EEE,1.0,B,72,Lateral,2021,5,7.94,60,Excellent,No,DayScholar,9365880277,student160@college.edu,Vijayawada,AP,Book_69,Author_69,Pearson,Science,4600651694.0,5.0,English,992.39,37.0,Yes,Average,Minor,2019.0,444.0,Hardcover,Second,Color,Textbook,India
I3179,S1104,B2047,09-05-2025,23-05-2025,,Not Returned,10.0,3.0,20.0,6,42.0,4,Mechanical,Yes,2,L579,Morning,Online,2,Student_104,Male,20,Civil,4.0,B,12,Lateral,2022,4,6.71,67,Poor,Yes,DayScholar,9338078545,student104@college.edu,Vijayawada,AP,Book_47,Author_47,Oxford,Mechanical,5938669432.0,4.0,English,320.56,49.0,No,Damaged,Major,2018.0,302.0,Paperback,Revised,Color,Reference,India
I3186,S1107,B2047,01-09-2025,15-09-2025,12-09-2025,Returned,25.0,0.0,0.0,5,12.0,14,Science,No,4,L586,Morning,Offline,4,Student_107,Male,19,CSE,1.0,A,14,Lateral,2021,7,9.0,83,Poor,Yes,Hostel,9889200018,student107@college.edu,Vijayawada,AP,Book_47,Author_47,Oxford,Mechanical,5938669432.0,4.0,English,320.56,49.0,No,Damaged,Major,2018.0,302.0,Paperback,Revised,Color,Reference,India
I3089,S1073,B2039,07-03-2025,21-03-2025,21-03-2025,Returned,20.0,0.0,20.0,5,29.0,20,Science,Yes,3,L489,Evening,Offline,1,Student_73,Male,18,EEE,4.0,C,16,Regular,2024,5,6.73,62,Excellent,No,DayScholar,9750999512,student73@college.edu,Rajahmundry,AP,Book_39,Author_39,McGraw Hill,Math,2723314954.0,5.0,Telugu,896.52,13.0,No,Damaged,Minor,2023.0,693.0,Hardcover,Second,Black&White,Textbook,UK
I3080,S1162,B2102,17-10-2025,31-10-2025,04-11-2025,Returned,24.0,1.0,0.0,8,31.0,20,Electronics,Yes,3,L480,Evening,Offline,5,Student_162,Male,18,EEE,1.0,B,36,Lateral,2021,8,7.43,88,Excellent,No,DayScholar,9833828383,student162@college.edu,Vizag,AP,Book_102,Author_102,Elsevier,Programming,4848769713.0,3.0,Hindi,959.1,44.0,Yes,Average,,2023.0,598.0,Paperback,Second,Black&White,Reference,USA
I3083,S1015,B2102,03-04-2025,17-04-2025,14-04-2025,Returned,13.0,1.0,10.0,4,13.0,2,Civil,Yes,3,L483,Evening,Online,2,Student_15,Female,22,ECE,2.0,A,34,Lateral,2023,1,7.03,93,Good,Yes,Hostel,9358607110,student15@college.edu,Vijayawada,AP,Book_102,Author_102,Elsevier,Programming,4848769713.0,3.0,Hindi,959.1,44.0,Yes,Average,,2023.0,598.0,Paperback,Second,Black&White,Reference,USA
I3082,S1171,B2015,08-07-2025,22-07-2025,18-07-2025,Returned,20.0,0.0,0.0,5,39.0,8,Science,No,2,L482,Evening,Offline,2,Student_171,Male,19,EEE,4.0,C,42,Regular,2022,1,9.35,91,Excellent,No,Hostel,9572722116,student171@college.edu,Vizag,AP,Book_15,Author_15,Springer,Science,9325872680.0,2.0,Hindi,866.6,27.0,Yes,Good,,2022.0,606.0,Paperback,Revised,Color,Reference,USA
I3132,S1178,B2015,23-07-2025,06-08-2025,10-08-2025,Returned,29.0,2.0,10.0,8,16.0,16,Science,Yes,4,L532,Morning,Offline,5,Student_178,Male,19,Civil,4.0,A,55,Regular,2021,6,9.38,86,Good,Yes,Hostel,9172369828,student178@college.edu,Vijayawada,AP,Book_15,Author_15,Springer,Science,9325872680.0,2.0,Hindi,866.6,27.0,Yes,Good,,2022.0,606.0,Paperback,Revised,Color,Reference,USA
I3154,S1015,B2083,25-05-2025,08-06-2025,12-06-2025,Returned,27.0,2.0,20.0,10,42.0,8,Science,Yes,5,L554,Evening,Online,1,Student_15,Female,22,ECE,2.0,A,34,Lateral,2023,1,7.03,93,Good,Yes,Hostel,9358607110,student15@college.edu,Vijayawada,AP,Book_83,Author_83,McGraw Hill,Science,2712482556.0,5.0,Telugu,422.87,46.0,Yes,Damaged,Major,2020.0,106.0,Hardcover,First,Color,Textbook,India
I3189,S1144,B2083,27-11-2025,11-12-2025,,Not Returned,8.0,0.0,20.0,3,73.0,6,Science,Yes,4,L589,Evening,Offline,5,Student_144,Male,19,CSE,2.0,A,15,Regular,2021,2,9.34,84,Excellent,No,DayScholar,9266746552,student144@college.edu,Rajahmundry,AP,Book_83,Author_83,McGraw Hill,Science,2712482556.0,5.0,Telugu,422.87,46.0,Yes,Damaged,Major,2020.0,106.0,Hardcover,First,Color,Textbook,India
I3086,S1128,B2076,09-08-2025,23-08-2025,22-08-2025,Returned,19.0,1.0,20.0,5,71.0,11,Science,Yes,3,L486,Morning,Offline,2,Student_128,Female,18,CSE,4.0,B,52,Lateral,2023,4,5.64,79,Poor,No,Hostel,9894960737,student128@college.edu,Hyderabad,AP,Book_76,Author_76,Pearson,Civil,6196262457.0,5.0,English,791.97,49.0,Yes,Good,,2023.0,212.0,Hardcover,Second,Black&White,Guide,USA
I3087,S1152,B2146,29-03-2025,12-04-2025,17-04-2025,Returned,7.0,2.0,30.0,3,16.0,17,Science,Yes,3,L487,Evening,Online,3,Student_152,Female,19,EEE,2.0,B,56,Lateral,2022,7,5.86,88,Good,Yes,Hostel,9719235157,student152@college.edu,Vizag,AP,Book_146,Author_146,Pearson,Mechanical,1326797351.0,1.0,Hindi,665.69,47.0,No,Average,,2023.0,371.0,Paperback,Revised,Color,Guide,India
I3091,S1089,B2080,25-08-2025,08-09-2025,14-09-2025,Returned,11.0,1.0,0.0,3,32.0,7,Science,Yes,3,L491,Evening,Offline,3,Student_89,Male,22,EEE,1.0,A,61,Regular,2022,6,8.65,95,Excellent,No,Hostel,9821120839,student89@college.edu,Rajahmundry,AP,Book_80,Author_80,Oxford,Civil,6381925761.0,2.0,Hindi,918.83,16.0,No,Damaged,Minor,2020.0,251.0,Paperback,Second,Color,Textbook,India
I3147,S1144,B2080,03-07-2025,17-07-2025,,Not Returned,7.0,0.0,0.0,6,16.0,6,Science,Yes,4,L547,Evening,Online,1,Student_144,Male,19,CSE,2.0,A,15,Regular,2021,2,9.34,84,Excellent,No,DayScholar,9266746552,student144@college.edu,Rajahmundry,AP,Book_80,Author_80,Oxford,Civil,6381925761.0,2.0,Hindi,918.83,16.0,No,Damaged,Minor,2020.0,251.0,Paperback,Second,Color,Textbook,India
I3192,S1089,B2150,26-01-2025,09-02-2025,12-02-2025,Returned,30.0,2.0,20.0,3,14.0,17,Civil,No,5,L592,Morning,Offline,2,Student_89,Male,22,EEE,1.0,A,61,Regular,2022,6,8.65,95,Excellent,No,Hostel,9821120839,student89@college.edu,Rajahmundry,AP,Book_150,Author_150,Oxford,Math,7869384197.0,4.0,Hindi,965.29,6.0,No,Average,Major,2018.0,584.0,Paperback,First,Black&White,Reference,India
I3092,S1074,B2043,20-12-2025,03-01-2026,09-01-2026,Returned,17.0,2.0,10.0,8,89.0,14,Math,No,1,L492,Evening,Offline,1,Student_74,Female,19,CSE,4.0,B,20,Lateral,2022,7,9.08,93,Average,Yes,DayScholar,9857046188,student74@college.edu,Hyderabad,AP,Book_43,Author_43,Pearson,Math,7375405499.0,3.0,English,877.76,25.0,No,Good,,2024.0,460.0,Hardcover,Second,Color,Reference,UK
I3129,S1041,B2127,14-09-2025,28-09-2025,02-10-2025,Returned,17.0,1.0,30.0,2,54.0,18,Math,No,0,L529,Morning,Offline,1,Student_41,Male,18,ECE,1.0,C,6,Regular,2021,4,5.13,64,Average,Yes,DayScholar,9187104772,student41@college.edu,Vijayawada,AP,Book_127,Author_127,McGraw Hill,Programming,1554012905.0,3.0,Hindi,711.76,17.0,No,Good,,2023.0,704.0,Hardcover,Revised,Black&White,Textbook,India
I3100,S1037,B2101,19-02-2025,05-03-2025,01-03-2025,Returned,14.0,3.0,0.0,7,71.0,2,Science,No,0,L500,Evening,Offline,1,Student_37,Female,21,ME,4.0,B,53,Lateral,2023,2,8.95,90,Good,Yes,Hostel,9685655681,student37@college.edu,Hyderabad,AP,Book_101,Author_101,Oxford,Electronics,9692950124.0,4.0,Telugu,938.59,13.0,No,Average,,2018.0,783.0,Paperback,First,Black&White,Reference,India
I3153,S1028,B2101,06-01-2025,20-01-2025,20-01-2025,Returned,22.0,1.0,10.0,9,97.0,14,Mechanical,No,2,L553,Evening,Online,2,Student_28,Female,22,EEE,4.0,C,8,Regular,2024,6,9.78,84,Average,Yes,Hostel,9990729047,student28@college.edu,Hyderabad,AP,Book_101,Author_101,Oxford,Electronics,9692950124.0,4.0,Telugu,938.59,13.0,No,Average,,2018.0,783.0,Paperback,First,Black&White,Reference,India
I3101,S1135,B2111,13-09-2025,27-09-2025,29-09-2025,Returned,8.0,3.0,30.0,5,53.0,12,Mechanical,No,1,L501,Morning,Offline,2,Student_135,Male,20,ECE,2.0,A,16,Regular,2021,6,8.38,85,Poor,Yes,Hostel,9555055722,student135@college.edu,Vizag,AP,Book_111,Author_111,Pearson,Electronics,5896017613.0,1.0,English,505.88,5.0,Yes,Average,Major,2022.0,748.0,Paperback,First,Black&White,Textbook,India
I3108,S1101,B2115,30-03-2025,13-04-2025,09-04-2025,Returned,18.0,3.0,30.0,1,66.0,13,Electronics,No,5,L508,Evening,Offline,3,Student_101,Female,24,CSE,4.0,B,62,Lateral,2023,2,9.78,85,Good,Yes,DayScholar,9239229126,student101@college.edu,Vizag,AP,Book_115,Author_115,Elsevier,Science,4180288939.0,,Telugu,542.02,24.0,Yes,Damaged,Major,2020.0,126.0,Paperback,First,Black&White,Guide,USA
I3111,S1107,B2017,24-03-2025,07-04-2025,09-04-2025,Returned,20.0,2.0,10.0,8,51.0,2,Programming,Yes,1,L511,Morning,Online,4,Student_107,Male,19,CSE,1.0,A,14,Lateral,2021,7,9.0,83,Poor,Yes,Hostel,9889200018,student107@college.edu,Vijayawada,AP,Book_17,Author_17,Pearson,Science,5893993062.0,1.0,Telugu,470.45,3.0,Yes,Average,,2022.0,512.0,Paperback,Second,Color,Reference,India
I3177,S1103,B2017,30-06-2025,14-07-2025,,Not Returned,24.0,3.0,30.0,5,34.0,10,Civil,Yes,2,L577,Morning,Offline,4,Student_103,Male,18,CSE,4.0,B,33,Lateral,2021,3,6.99,85,Poor,No,DayScholar,9773585401,student103@college.edu,Vizag,AP,Book_17,Author_17,Pearson,Science,5893993062.0,1.0,Telugu,470.45,3.0,Yes,Average,,2022.0,512.0,Paperback,Second,Color,Reference,India
I3118,S1008,B2049,27-07-2025,10-08-2025,06-08-2025,Returned,10.0,1.0,20.0,9,29.0,8,Math,No,1,L518,Evening,Online,4,Student_8,Female,18,ME,2.0,B,36,Lateral,2023,4,6.33,81,Poor,No,Hostel,9335409190,student8@college.edu,Rajahmundry,AP,Book_49,Author_49,McGraw Hill,Civil,4245623414.0,5.0,Hindi,550.64,40.0,No,Average,Major,2020.0,510.0,Hardcover,First,Black&White,Reference,India
I3120,S1018,B2049,16-08-2025,30-08-2025,,Not Returned,12.0,3.0,0.0,3,98.0,8,Mechanical,Yes,4,L520,Morning,Offline,2,Student_18,Female,20,EEE,4.0,B,79,Regular,2022,7,7.91,60,Excellent,No,Hostel,9434218251,student18@college.edu,Vizag,AP,Book_49,Author_49,McGraw Hill,Civil,4245623414.0,5.0,Hindi,550.64,40.0,No,Average,Major,2020.0,510.0,Hardcover,First,Black&White,Reference,India
I3124,S1030,B2133,07-01-2025,21-01-2025,,Not Returned,22.0,3.0,30.0,8,69.0,12,Math,Yes,5,L524,Morning,Offline,5,Student_30,Male,21,Civil,2.0,B,13,Regular,2023,5,6.72,88,Poor,No,DayScholar,9821086395,student30@college.edu,Vijayawada,AP,Book_133,Author_133,Springer,Science,8845090505.0,3.0,Hindi,250.88,19.0,Yes,Damaged,,2019.0,740.0,Hardcover,Revised,Black&White,Reference,India
I3151,S1097,B2133,05-10-2025,19-10-2025,,Not Returned,8.0,1.0,30.0,8,70.0,11,Mechanical,No,4,L551,Morning,Offline,1,Student_97,Female,19,EEE,2.0,B,46,Lateral,2024,7,7.62,61,Average,Yes,Hostel,9343908514,student97@college.edu,Rajahmundry,AP,Book_133,Author_133,Springer,Science,8845090505.0,3.0,Hindi,250.88,19.0,Yes,Damaged,,2019.0,740.0,Hardcover,Revised,Black&White,Reference,India
I3155,S1058,B2013,08-10-2025,22-10-2025,23-10-2025,Returned,30.0,2.0,0.0,8,27.0,17,Science,Yes,5,L555,Evening,Offline,5,Student_58,Male,24,Civil,2.0,C,66,Lateral,2024,4,5.58,95,Good,Yes,DayScholar,9287194929,student58@college.edu,Rajahmundry,AP,Book_13,Author_13,Oxford,Math,1476579945.0,1.0,Hindi,506.68,27.0,No,Damaged,,2020.0,304.0,Hardcover,Second,Black&White,Guide,USA
I3127,S1065,B2060,13-09-2025,27-09-2025,24-09-2025,Returned,9.0,3.0,20.0,6,29.0,18,Mechanical,Yes,0,L527,Morning,Offline,4,Student_65,Male,18,ECE,1.0,C,79,Regular,2021,2,6.83,66,Excellent,Yes,DayScholar,9927808233,student65@college.edu,Vijayawada,AP,Book_60,Author_60,McGraw Hill,Civil,9691852455.0,5.0,English,520.79,49.0,Yes,Average,Major,2021.0,489.0,Paperback,First,Black&White,Reference,UK
I3128,S1005,B2031,10-02-2025,24-02-2025,22-02-2025,Returned,29.0,2.0,30.0,4,74.0,4,Electronics,No,2,L528,Morning,Offline,3,Student_5,Female,23,CSE,1.0,A,61,Lateral,2022,1,6.43,92,Excellent,Yes,DayScholar,9581119603,student5@college.edu,Vijayawada,AP,Book_31,Author_31,Elsevier,Electronics,6328994672.0,1.0,Hindi,703.41,30.0,Yes,Good,Major,2021.0,656.0,Paperback,Revised,Color,Reference,UK
I3198,S1160,B2016,09-07-2025,23-07-2025,,Not Returned,24.0,2.0,0.0,5,95.0,17,Math,Yes,3,L598,Evening,Offline,1,Student_160,Female,19,EEE,1.0,B,72,Lateral,2021,5,7.94,60,Excellent,No,DayScholar,9365880277,student160@college.edu,Vijayawada,AP,Book_16,Author_16,Elsevier,Science,7018992193.0,5.0,English,411.7,46.0,Yes,Good,Minor,2021.0,514.0,Hardcover,First,Black&White,Guide,UK
I3135,S1026,B2056,30-11-2025,14-12-2025,14-12-2025,Returned,26.0,1.0,20.0,4,94.0,8,Science,No,3,L535,Evening,Online,2,Student_26,Male,21,EEE,2.0,C,11,Regular,2023,5,6.95,63,Excellent,Yes,DayScholar,9335143686,student26@college.edu,Vijayawada,AP,Book_56,Author_56,Pearson,Math,3421855792.0,2.0,Telugu,985.86,32.0,Yes,Damaged,Major,2021.0,700.0,Paperback,Second,Color,Guide,India
I3144,S1110,B2056,11-01-2025,25-01-2025,31-01-2025,Returned,23.0,3.0,0.0,3,45.0,19,Programming,No,2,L544,Morning,Offline,4,Student_110,Male,22,ECE,2.0,C,53,Regular,2021,3,8.63,98,Good,No,Hostel,9987779092,student110@college.edu,Vijayawada,AP,Book_56,Author_56,Pearson,Math,3421855792.0,2.0,Telugu,985.86,32.0,Yes,Damaged,Major,2021.0,700.0,Paperback,Second,Color,Guide,India
I3193,S1026,B2063,23-01-2025,06-02-2025,08-02-2025,Returned,19.0,1.0,10.0,1,89.0,16,Electronics,Yes,5,L593,Morning,Online,1,Student_26,Male,21,EEE,2.0,C,11,Regular,2023,5,6.95,63,Excellent,Yes,DayScholar,9335143686,student26@college.edu,Vijayawada,AP,Book_63,Author_63,Pearson,Math,4582096924.0,3.0,Hindi,460.06,39.0,Yes,Good,,2023.0,418.0,Paperback,Revised,Black&White,Textbook,India
I3139,S1052,B2112,01-11-2025,15-11-2025,,Not Returned,27.0,0.0,10.0,8,34.0,15,Programming,Yes,0,L539,Morning,Online,2,Student_52,Female,23,EEE,1.0,A,66,Regular,2023,2,9.96,75,Average,No,Hostel,9851792922,student52@college.edu,Vijayawada,AP,Book_112,Author_112,Pearson,Civil,8920008448.0,5.0,English,818.02,20.0,No,Average,,2023.0,273.0,Hardcover,First,Color,Textbook,USA
I3172,S1169,B2112,04-09-2025,18-09-2025,,Not Returned,21.0,1.0,0.0,8,44.0,20,Mechanical,No,1,L572,Evening,Offline,4,Student_169,Female,18,ME,1.0,C,22,Lateral,2021,8,8.03,76,Poor,Yes,DayScholar,9457460583,student169@college.edu,Vizag,AP,Book_112,Author_112,Pearson,Civil,8920008448.0,5.0,English,818.02,20.0,No,Average,,2023.0,273.0,Hardcover,First,Color,Textbook,USA
I3142,S1108,B2103,30-05-2025,13-06-2025,09-06-2025,Returned,22.0,3.0,10.0,8,89.0,20,Math,Yes,3,L542,Morning,Online,4,Student_108,Female,20,CSE,4.0,C,49,Regular,2024,2,9.03,66,Good,Yes,DayScholar,9635839916,student108@college.edu,Vizag,AP,Book_103,Author_103,Pearson,Science,3795169605.0,4.0,Telugu,495.33,7.0,Yes,Good,Minor,2019.0,506.0,Paperback,Second,Black&White,Textbook,India
I3145,S1142,B2103,21-10-2025,04-11-2025,31-10-2025,Returned,28.0,2.0,20.0,1,75.0,4,Civil,Yes,1,L545,Morning,Offline,2,Student_142,Male,20,EEE,1.0,C,14,Regular,2023,4,9.52,78,Average,Yes,DayScholar,9829859860,student142@college.edu,Hyderabad,AP,Book_103,Author_103,Pearson,Science,3795169605.0,4.0,Telugu,495.33,7.0,Yes,Good,Minor,2019.0,506.0,Paperback,Second,Black&White,Textbook,India
I3148,S1124,B2103,31-05-2025,14-06-2025,16-06-2025,Returned,14.0,3.0,30.0,4,65.0,11,Programming,No,3,L548,Evening,Offline,3,Student_124,Female,23,ECE,1.0,C,4,Regular,2022,7,9.4,66,Average,Yes,DayScholar,9243552755,student124@college.edu,Hyderabad,AP,Book_103,Author_103,Pearson,Science,3795169605.0,4.0,Telugu,495.33,7.0,Yes,Good,Minor,2019.0,506.0,Paperback,Second,Black&White,Textbook,India
I3152,S1061,B2074,04-09-2025,18-09-2025,18-09-2025,Returned,26.0,1.0,10.0,10,17.0,19,Science,Yes,2,L552,Evening,Online,3,Student_61,Male,18,EEE,1.0,A,12,Lateral,2024,1,9.26,92,Average,Yes,DayScholar,9310793368,student61@college.edu,Vizag,AP,Book_74,Author_74,Elsevier,Civil,1111926410.0,5.0,Hindi,296.54,46.0,No,Damaged,,2024.0,308.0,Paperback,Second,Black&White,Textbook,UK
I3171,S1076,B2139,24-10-2025,07-11-2025,09-11-2025,Returned,24.0,0.0,20.0,2,68.0,8,Electronics,Yes,1,L571,Morning,Online,4,Student_76,Female,23,CSE,2.0,A,48,Regular,2021,7,8.29,60,Average,No,Hostel,9680403464,student76@college.edu,Vijayawada,AP,Book_139,Author_139,McGraw Hill,Civil,7593006741.0,2.0,Hindi,206.84,44.0,,Damaged,Minor,2021.0,149.0,Paperback,First,Black&White,Reference,USA
I3173,S1115,B2099,19-08-2025,02-09-2025,31-08-2025,Returned,24.0,0.0,10.0,5,44.0,5,Programming,Yes,4,L573,Morning,Online,1,Student_115,Female,22,EEE,4.0,A,74,Regular,2023,7,9.93,88,Excellent,No,DayScholar,9378583959,student115@college.edu,Rajahmundry,AP,Book_99,Author_99,Elsevier,Math,9263001342.0,4.0,English,896.08,6.0,Yes,Good,Major,2020.0,296.0,Hardcover,Revised,Black&White,Guide,UK
I3175,S1038,B2155,14-04-2025,28-04-2025,,Not Returned,22.0,1.0,30.0,4,80.0,5,Civil,Yes,1,L575,Morning,Offline,1,Student_38,Female,20,CSE,1.0,A,13,Regular,2022,7,8.73,77,Average,Yes,DayScholar,9825074215,student38@college.edu,Rajahmundry,AP,Book_155,Author_155,McGraw Hill,Math,7507571699.0,3.0,Hindi,350.98,33.0,Yes,Average,,2018.0,391.0,Hardcover,First,Black&White,Guide,India
I3194,S1077,B2134,19-01-2025,02-02-2025,03-02-2025,Returned,25.0,2.0,0.0,10,74.0,19,Math,No,0,L594,Morning,Offline,4,Student_77,Male,20,CSE,4.0,A,71,Regular,2022,4,5.12,68,Average,Yes,Hostel,9469243592,student77@college.edu,Vijayawada,AP,Book_134,Author_134,McGraw Hill,Electronics,7189713568.0,3.0,English,594.78,47.0,No,Average,,2020.0,378.0,Hardcover,First,Color,Guide,UK
