Issue_ID,Student_ID,Book_ID,Issue_Date,Due_Date,Return_Date,Number_of_Days_Issued,Renew_Count,Fine_Amount,Library_Visit_Frequency,Total_Library_Visits,Reading_Duration_Hours,Preferred_Book_Type,Online_Resource_Usage,Late_Return_Count,Librarian_ID,Feedback_Rating,Age,Year_of_Study,Section,Roll_Number,Admission_Year,Semester,CGPA,Attendance_Percentage,Academic_Performance,Scholarship_Status,Hostel_DayScholar,City,State,Book_Title,Author_Name,Publisher,ISBN_Number,Book_Edition,Language,Book_Price,Book_Rack_No,Book_Availability,Damage_Report,Publication_Year,Pages,Country_of_Publication,Days_Late,Library_Engagement_Score,Fine_Per_Day,Gender_Male,Department_Civil,Department_ECE,Department_EEE,Department_ME,Student_Type_Regular,Issue_Status_Returned,Book_Category_Electronics,Book_Category_Math,Book_Category_Mechanical,Book_Category_Programming,Book_Category_Science,Book_Condition_Damaged,Book_Condition_Good,Binding_Type_Paperback,Edition_Type_Revised,Edition_Type_Second,Print_Type_Color,Genre_Reference,Genre_Textbook,Library_Shift_Morning,Transaction_Mode_Online
I3000,S1088,B2025,2025-01-29,2025-02-12,2025-02-18,0.782608695652174,1.0,0.3333333333333333,1,0.6179775280898876,0.9473684210526315,Electronics,0,4,L400,3,0.16666666666666666,2.0,A,7,2021,5,0.5061224489795918,0.925,Average,0,DayScholar,Vizag,AP,Book_25,Author_25,Elsevier,9695455182.0,3.0,Telugu,0.0978441964961882,8.0,0,Major,2019.0,413.0,UK,6,0.616822429906542,1.6666666666666667,True,False,False,False,False,True,True,False,False,False,False,False,False,False,False,False,True,True,False,True,True,False
I3001,S1004,B2010,2025-09-23,2025-10-07,2025-10-07,0.9130434782608695,3.0,0.6666666666666666,6,0.43820224719101125,0.7894736842105263,Math,1,5,L401,1,1.0,1.0,B,70,2021,3,0.6938775510204083,0.6,Excellent,0,Hostel,Hyderabad,AP,Book_10,Author_10,Springer,7841745657.0,5.0,Hindi,0.16689806634018273,36.0,0,Minor,2021.0,767.0,USA,0,0.48598130841121495,0.0,True,False,False,False,False,False,True,False,False,False,True,False,False,False,True,True,False,True,True,False,True,True
I3002,S1123,B2028,2025-06-12,2025-06-26,2025-06-22,0.30434782608695654,3.0,0.0,7,0.7078651685393258,0.9473684210526315,Science,0,4,L402,4,0.5,2.0,C,56,2023,4,0.6346938775510204,0.475,Good,0,DayScholar,Hyderabad,AP,Book_28,Author_28,Elsevier,6121663120.0,4.0,Hindi,0.7070732569293683,14.0,0,Major,2019.0,450.0,India,0,0.7476635514018691,0.0,False,False,False,False,False,False,True,False,False,False,False,True,False,True,True,False,False,True,False,False,False,False
I3003,S1013,B2154,2025-02-10,2025-02-24,2025-02-23,0.2608695652173913,0.0,0.6666666666666666,5,0.0898876404494382,0.5789473684210527,Mechanical,1,5,L403,1,0.3333333333333333,2.0,A,14,2022,8,0.010204081632653204,0.525,Good,1,DayScholar,Hyderabad,AP,Book_154,Author_154,Springer,3250707755.0,3.0,Hindi,0.35163073660826977,27.0,0,Major,2020.0,765.0,India,0,0.14953271028037382,0.0,True,False,True,False,False,False,True,False,False,False,False,False,True,False,False,False,True,True,True,False,False,True
I3004,S1051,B2091,2025-10-18,2025-11-01,2025-10-30,0.17391304347826086,3.0,0.6666666666666666,5,0.550561797752809,0.3684210526315789,Math,0,3,L404,1,0.16666666666666666,3.0,A,49,2024,7,0.19183673469387758,0.6,Good,0,Hostel,Vizag,AP,Book_91,Author_91,Pearson,1365222024.0,4.0,English,0.8041349018023931,47.0,1,Major,2018.0,591.0,India,0,0.4953271028037383,0.0,False,True,False,False,False,False,True,False,False,False,False,True,False,True,False,False,False,False,True,False,False,True
I3005,S1051,B2038,2025-03-22,2025-04-05,2025-04-10,0.7391304347826086,1.0,0.3333333333333333,1,0.9101123595505618,0.3157894736842105,Science,0,3,L405,4,0.16666666666666666,3.0,A,49,2024,7,0.19183673469387758,0.6,Good,0,Hostel,Vizag,AP,Book_38,Author_38,McGraw Hill,8353939742.0,4.0,English,0.17885091129398697,10.0,1,Major,2022.0,484.0,UK,5,0.7476635514018691,2.0,False,True,False,False,False,False,True,False,False,False,False,False,False,True,False,False,False,True,False,True,False,True
I3006,S1039,B2078,2025-08-13,2025-08-27,2026-01-02,0.5217391304347826,1.0,0.6666666666666666,8,0.7415730337078652,0.21052631578947367,Electronics,0,3,L406,1,1.0,3.0,C,64,2022,8,0.640816326530612,0.925,Poor,1,DayScholar,Vizag,AP,Book_78,Author_78,Pearson,1451098414.0,5.0,Telugu,0.356931892765184,14.0,1,Major,2020.0,479.0,USA,128,0.6542056074766355,0.15625,True,False,True,False,False,False,False,False,False,False,False,False,False,False,False,True,False,True,True,False,False,True
I3007,S1009,B2081,2025-01-23,2025-02-06,2025-02-09,0.08695652173913043,3.0,0.6666666666666666,3,0.23595505617977527,0.10526315789473684,Programming,0,5,L407,2,0.5,2.0,A,24,2024,4,0.6224489795918365,0.425,Average,1,Hostel,Hyderabad,AP,Book_81,Author_81,Elsevier,3834498624.0,2.0,Hindi,0.6748371787751805,10.0,0,Major,2024.0,623.0,USA,3,0.16822429906542055,6.666666666666667,True,False,False,True,False,False,True,False,True,False,False,False,True,False,True,False,False,False,False,True,True,False
I3008,S1174,B2002,2025-12-17,2025-12-31,2026-01-02,0.5652173913043478,0.0,0.6666666666666666,8,0.39325842696629215,0.9473684210526315,Science,0,5,L408,1,0.8333333333333334,4.0,A,14,2022,6,0.3020408163265306,0.6,Poor,1,Hostel,Hyderabad,AP,Book_2,Author_2,Springer,3543654857.0,4.0,English,0.7337304993184227,15.0,0,Major,2023.0,790.0,India,2,0.4953271028037383,10.0,True,False,True,False,False,True,True,False,False,False,False,True,False,False,False,True,False,False,False,True,True,False
I3009,S1033,B2147,2025-12-07,2025-12-21,2026-01-02,0.5217391304347826,1.0,0.0,7,0.11235955056179775,0.3684210526315789,Mechanical,1,3,L409,2,0.5,1.0,C,46,2022,2,0.9142857142857139,0.425,Average,0,Hostel,Vizag,AP,Book_147,Author_147,Oxford,8866589565.0,5.0,Telugu,0.0763871358610592,42.0,0,Major,2019.0,346.0,India,12,0.14953271028037382,0.0,False,False,True,False,False,False,False,True,False,False,False,False,False,False,False,False,False,False,True,False,True,False
I3010,S1117,B2090,2025-09-05,2025-09-19,2026-01-02,0.6956521739130435,0.0,0.3333333333333333,1,0.33707865168539325,0.7368421052631579,Mechanical,0,0,L410,4,0.3333333333333333,3.0,A,2,2022,8,0.5918367346938774,0.125,Poor,0,DayScholar,Rajahmundry,AP,Book_90,Author_90,McGraw Hill,3405630947.0,1.0,English,0.8629020043418993,42.0,1,Minor,2023.0,713.0,USA,105,0.34579439252336447,0.09523809523809523,False,False,False,False,False,False,False,False,True,False,False,False,True,False,False,False,False,False,False,False,False,False
I3011,S1034,B2095,2025-03-27,2025-04-10,2025-04-06,0.6086956521739131,1.0,0.0,7,0.2247191011235955,0.631578947368421,Electronics,1,1,L411,4,0.6666666666666666,3.0,B,69,2021,7,0.48775510204081635,0.025,Average,1,DayScholar,Vizag,AP,Book_95,Author_95,Elsevier,9974991511.0,2.0,English,0.42049527944666026,12.0,0,Major,2022.0,226.0,USA,0,0.2897196261682243,0.0,False,True,False,False,False,True,True,False,False,True,False,False,True,False,True,False,True,False,False,False,True,False
I3012,S1130,B2004,2025-09-08,2025-09-22,2025-09-26,0.0,0.0,0.3333333333333333,5,0.9550561797752809,0.7894736842105263,Electronics,0,2,L412,2,0.6666666666666666,1.0,B,2,2021,6,0.40204081632653066,0.55,Good,1,DayScholar,Vijayawada,AP,Book_4,Author_4,McGraw Hill,7435642985.0,5.0,Hindi,0.041576210430655826,50.0,1,Major,2024.0,433.0,USA,4,0.9065420560747663,2.5,False,False,False,False,True,False,True,True,False,False,False,False,False,True,True,False,True,False,True,False,True,False
I3013,S1056,B2036,2025-01-14,2025-01-28,2025-01-24,0.8260869565217391,1.0,0.0,4,0.5056179775280899,0.15789473684210525,Science,1,4,L413,1,0.3333333333333333,2.0,A,62,2024,4,0.6612244897959184,0.35,Average,0,Hostel,Vijayawada,AP,Book_36,Author_36,Elsevier,8475532324.0,1.0,Hindi,0.0,11.0,1,Major,2018.0,143.0,USA,0,0.411214953271028,0.0,False,False,False,False,True,True,True,True,False,False,False,False,False,False,False,True,False,False,False,True,False,False
I3014,S1045,B2093,2025-11-29,2025-12-13,2025-12-12,0.8260869565217391,0.0,1.0,6,0.5617977528089888,0.42105263157894735,Civil,0,0,L414,4,0.3333333333333333,1.0,C,7,2022,4,0.16326530612244908,0.725,Good,0,DayScholar,Vijayawada,AP,Book_93,Author_93,Oxford,3294906878.0,4.0,Hindi,0.9343540162568789,14.0,0,Major,2019.0,229.0,India,0,0.5233644859813084,0.0,False,False,False,False,False,True,True,True,False,False,False,False,False,True,True,True,False,True,False,True,True,True
I3015,S1046,B2011,2025-01-03,2025-01-17,2026-01-02,1.0,3.0,0.3333333333333333,9,0.10112359550561797,0.631578947368421,Math,0,4,L415,4,0.5,4.0,A,12,2024,6,0.12448979591836738,0.65,Average,0,Hostel,Vizag,AP,Book_11,Author_11,Springer,6634271326.0,1.0,Hindi,0.26111980612914626,7.0,0,Major,2021.0,612.0,India,350,0.205607476635514,0.02857142857142857,True,False,False,True,False,True,False,False,False,False,False,False,True,False,False,True,False,False,False,True,False,True
I3016,S1053,B2005,2025-07-10,2025-07-24,2025-07-20,0.6956521739130435,1.0,0.6666666666666666,4,0.7415730337078652,0.9473684210526315,Science,1,2,L416,4,0.16666666666666666,4.0,B,22,2021,8,0.7897959183673467,0.325,Poor,1,DayScholar,Rajahmundry,AP,Book_5,Author_5,McGraw Hill,5961857822.0,2.0,Hindi,0.39162922199222494,29.0,0,Major,2019.0,733.0,USA,0,0.7476635514018691,0.0,True,False,True,False,False,True,True,False,True,False,False,False,True,False,False,True,False,True,False,False,True,True
I3017,S1123,B2114,2025-06-11,2025-06-25,2026-01-02,0.17391304347826086,0.0,0.3333333333333333,3,0.19101123595505617,1.0,Math,0,5,L417,1,0.5,2.0,C,56,2023,4,0.6346938775510204,0.475,Good,0,DayScholar,Hyderabad,AP,Book_114,Author_114,McGraw Hill,7127607333.0,1.0,English,0.9447417579643561,29.0,0,Major,2020.0,450.0,UK,191,0.2897196261682243,0.05235602094240838,False,False,False,False,False,False,False,False,False,True,False,False,False,True,False,False,False,False,False,False,True,False
I3018,S1096,B2050,2025-08-27,2025-09-10,2025-09-08,0.782608695652174,2.0,0.3333333333333333,1,0.4606741573033708,0.15789473684210525,Electronics,0,3,L418,4,0.6666666666666666,3.0,A,25,2021,5,0.23061224489795928,0.625,Good,1,Hostel,Hyderabad,AP,Book_50,Author_50,McGraw Hill,2441876174.0,3.0,Telugu,0.4445019437572575,7.0,0,Major,2022.0,674.0,USA,0,0.34579439252336447,0.0,False,False,True,False,False,False,True,False,False,False,False,True,False,False,False,False,False,True,False,False,False,False
I3019,S1006,B2084,2025-12-22,2026-01-05,2026-01-08,0.30434782608695654,3.0,0.0,7,0.6067415730337079,0.10526315789473684,Mechanical,1,2,L419,5,0.3333333333333333,3.0,A,63,2021,8,0.720408163265306,0.6,Average,0,DayScholar,Vizag,AP,Book_84,Author_84,Springer,3134825194.0,4.0,Hindi,0.07407734639268945,48.0,0,Major,2023.0,417.0,India,3,0.514018691588785,0.0,True,False,True,False,False,True,True,False,True,False,False,False,True,False,True,False,False,True,False,False,False,True
I3020,S1075,B2132,2025-02-19,2025-03-05,2025-03-07,0.5217391304347826,0.0,0.6666666666666666,2,0.9775280898876404,0.7894736842105263,Programming,0,3,L420,5,0.0,2.0,C,68,2023,2,0.8142857142857143,0.075,Good,0,Hostel,Vijayawada,AP,Book_132,Author_132,Oxford,4897662039.0,2.0,Telugu,0.3799035694451457,2.0,1,Major,2021.0,684.0,UK,2,0.897196261682243,10.0,False,False,False,False,False,True,True,False,True,False,False,False,True,False,False,False,False,True,False,False,False,False
I3021,S1057,B2057,2025-10-07,2025-10-21,2025-10-21,0.2608695652173913,2.0,0.6666666666666666,7,0.6404494382022472,0.2631578947368421,Programming,1,3,L421,1,1.0,2.0,C,69,2022,3,0.089795918367347,0.475,Good,0,DayScholar,Rajahmundry,AP,Book_57,Author_57,McGraw Hill,9705838512.0,2.0,Hindi,0.17828293027717473,44.0,1,Minor,2018.0,495.0,USA,0,0.5700934579439252,0.0,True,False,False,False,True,False,True,False,False,True,False,False,False,False,True,True,False,False,False,True,False,True
I3022,S1045,B2050,2025-04-25,2025-05-09,2025-05-05,0.782608695652174,0.0,0.6666666666666666,10,0.7191011235955056,0.8947368421052632,Math,1,4,L422,4,0.3333333333333333,1.0,C,7,2022,4,0.16326530612244908,0.725,Good,0,DayScholar,Vijayawada,AP,Book_50,Author_50,McGraw Hill,2441876174.0,3.0,Telugu,0.4445019437572575,7.0,0,Major,2022.0,674.0,USA,0,0.7757009345794392,0.0,False,False,False,False,False,True,True,False,False,False,False,True,False,False,False,False,False,True,False,False,False,False
I3023,S1091,B2007,2025-03-18,2025-04-01,2025-04-05,0.5217391304347826,0.0,0.3333333333333333,7,0.0449438202247191,0.2631578947368421,Programming,0,0,L423,4,0.6666666666666666,4.0,C,47,2022,7,0.8469387755102041,0.05,Average,1,Hostel,Hyderabad,AP,Book_7,Author_7,Elsevier,4660065612.0,5.0,English,0.514742262836371,37.0,0,Major,2020.0,650.0,USA,4,0.07476635514018691,2.5,False,False,False,False,True,True,True,False,True,False,False,False,True,False,False,False,True,True,True,False,True,False
I3024,S1102,B2106,2025-08-30,2025-09-13,2026-01-02,0.13043478260869565,1.0,0.3333333333333333,1,0.550561797752809,0.8947368421052632,Science,0,2,L424,1,0.0,1.0,B,30,2024,7,0.20408163265306117,0.6,Excellent,1,Hostel,Hyderabad,AP,Book_106,Author_106,Elsevier,3478132167.0,1.0,English,0.13810773968798903,42.0,1,Minor,2019.0,751.0,USA,111,0.5514018691588785,0.09009009009009009,True,True,False,False,False,False,False,False,True,False,False,False,True,False,False,False,True,False,True,False,True,True
I3025,S1146,B2121,2025-06-08,2025-06-22,2025-06-23,0.391304347826087,0.0,1.0,10,0.7415730337078652,0.8421052631578947,Science,1,2,L425,4,1.0,2.0,A,3,2022,2,0.6387755102040814,0.125,Excellent,0,Hostel,Vizag,AP,Book_121,Author_121,Elsevier,8447620940.0,1.0,Telugu,0.16624173272075526,27.0,1,Major,2021.0,187.0,India,1,0.7850467289719626,30.0,False,False,False,False,True,True,True,True,False,False,False,False,True,False,True,True,False,True,False,True,False,False
I3026,S1096,B2044,2025-01-21,2025-02-04,2025-02-05,0.391304347826087,3.0,0.0,8,0.6404494382022472,0.10526315789473684,Science,1,3,L426,4,0.6666666666666666,3.0,A,25,2021,5,0.23061224489795928,0.625,Good,1,Hostel,Hyderabad,AP,Book_44,Author_44,Elsevier,4874631168.0,2.0,Hindi,0.30913313475034077,21.0,0,Minor,2023.0,233.0,UK,1,0.5514018691588785,0.0,False,False,True,False,False,False,True,False,False,False,False,True,True,False,True,False,False,True,True,False,True,False
I3027,S1000,B2107,2025-02-06,2025-02-20,2025-02-23,0.782608695652174,3.0,1.0,9,0.6966292134831461,0.8947368421052632,Programming,1,2,L427,2,0.0,2.0,C,26,2024,6,0.3387755102040816,0.4,Average,0,DayScholar,Hyderabad,AP,Book_107,Author_107,Springer,2009527625.0,5.0,Hindi,0.4304665017418084,32.0,0,Major,2021.0,401.0,USA,3,0.7476635514018691,10.0,False,False,True,False,False,True,True,False,True,False,False,False,False,False,True,False,True,True,False,False,False,False
I3028,S1111,B2003,2025-12-17,2025-12-31,2026-01-05,0.5217391304347826,1.0,0.0,9,0.8314606741573034,0.15789473684210525,Civil,0,4,L428,3,0.16666666666666666,4.0,C,37,2022,6,0.0,0.6,Poor,0,Hostel,Rajahmundry,AP,Book_3,Author_3,Oxford,7306513296.0,4.0,English,0.9201797344373202,3.0,1,Major,2018.0,179.0,USA,5,0.7289719626168224,0.0,False,False,False,False,True,False,True,False,True,False,False,False,True,False,True,True,False,True,False,True,False,False
I3029,S1025,B2053,2025-08-29,2025-09-12,2025-09-13,0.9565217391304348,0.0,0.6666666666666666,1,0.9775280898876404,0.0,Programming,0,1,L429,1,0.5,3.0,A,7,2022,4,0.5612244897959182,0.825,Good,1,DayScholar,Vizag,AP,Book_53,Author_53,Pearson,9394670898.0,4.0,Telugu,0.6886454283839047,33.0,1,Minor,2020.0,106.0,USA,1,0.7476635514018691,20.0,True,False,False,False,True,False,True,False,False,False,True,False,False,False,True,False,False,False,True,False,True,True
I3030,S1140,B2078,2025-05-27,2025-06-10,2025-06-15,0.6086956521739131,3.0,0.6666666666666666,5,0.8089887640449438,0.631578947368421,Science,1,1,L430,5,0.5,4.0,A,68,2024,5,0.720408163265306,0.9,Poor,1,Hostel,Rajahmundry,AP,Book_78,Author_78,Pearson,1451098414.0,5.0,Telugu,0.356931892765184,14.0,1,Major,2020.0,479.0,USA,5,0.7570093457943925,4.0,False,False,False,False,True,False,True,False,False,False,False,False,False,False,False,True,False,True,True,False,False,True
I3031,S1126,B2094,2025-05-28,2025-06-11,2025-06-10,1.0,0.0,1.0,6,0.2247191011235955,0.5789473684210527,Science,1,0,L431,4,0.3333333333333333,4.0,B,69,2022,5,0.07142857142857152,0.775,Average,0,DayScholar,Rajahmundry,AP,Book_94,Author_94,Pearson,7377021872.0,2.0,English,0.8413313475034079,39.0,0,Major,2020.0,553.0,India,0,0.27102803738317754,0.0,True,False,True,False,False,True,True,False,False,False,False,True,True,False,True,True,False,True,False,False,False,False
I3032,S1150,B2140,2025-03-14,2025-03-28,2025-03-24,0.8695652173913043,1.0,0.0,7,0.4157303370786517,1.0,Programming,0,4,L432,2,0.6666666666666666,4.0,A,14,2022,3,0.7693877551020407,0.375,Good,0,DayScholar,Vijayawada,AP,Book_140,Author_140,Oxford,5383521787.0,4.0,Telugu,0.6439390114605947,26.0,1,Major,2021.0,489.0,UK,0,0.514018691588785,0.0,False,False,True,False,False,False,True,False,False,False,False,True,False,True,False,False,True,True,False,True,False,False
I3033,S1047,B2023,2025-07-05,2025-07-19,2025-07-23,0.17391304347826086,0.0,1.0,3,0.6179775280898876,0.2631578947368421,Science,0,0,L433,3,0.0,1.0,A,79,2024,7,0.2510204081632653,0.475,Poor,0,DayScholar,Vijayawada,AP,Book_23,Author_23,Oxford,6995891173.0,2.0,English,0.8555939819255819,36.0,1,Major,2023.0,373.0,USA,4,0.514018691588785,7.5,False,False,False,False,True,False,True,True,False,False,False,False,False,True,False,True,False,True,False,True,False,False
I3034,S1071,B2036,2025-10-09,2025-10-23,2025-10-22,0.21739130434782608,3.0,0.6666666666666666,5,0.3707865168539326,0.7368421052631579,Math,0,1,L434,5,0.8333333333333334,3.0,A,55,2024,6,0.5959183673469388,0.925,Good,0,Hostel,Hyderabad,AP,Book_36,Author_36,Elsevier,8475532324.0,1.0,Hindi,0.0,11.0,1,Major,2018.0,143.0,USA,0,0.411214953271028,0.0,True,False,True,False,False,False,True,True,False,False,False,False,False,False,False,True,False,False,False,True,False,True
I3035,S1051,B2048,2025-12-19,2026-01-02,2026-01-02,0.17391304347826086,3.0,1.0,8,0.6404494382022472,0.3157894736842105,Civil,0,3,L435,5,0.16666666666666666,3.0,A,49,2024,7,0.19183673469387758,0.6,Good,0,Hostel,Vizag,AP,Book_48,Author_48,McGraw Hill,8614295240.0,2.0,Telugu,0.20979956581006712,26.0,1,Minor,2022.0,558.0,UK,0,0.5887850467289719,0.0,False,True,False,False,False,False,False,False,False,False,True,False,False,True,False,False,True,True,True,False,False,True
I3036,S1121,B2138,2025-10-18,2025-11-01,2025-10-31,0.043478260869565216,2.0,0.3333333333333333,4,0.4606741573033708,0.5263157894736842,Programming,1,5,L436,4,1.0,2.0,C,25,2022,1,0.7551020408163264,0.075,Average,1,Hostel,Hyderabad,AP,Book_138,Author_138,Elsevier,7271175562.0,4.0,Telugu,0.06161962942394102,1.0,0,Major,2020.0,472.0,India,0,0.4392523364485981,0.0,True,False,True,False,False,True,True,False,False,False,True,False,False,False,True,True,False,False,True,False,True,True
I3037,S1017,B2006,2025-05-23,2025-06-06,2026-01-02,0.08695652173913043,0.0,0.0,9,0.4044943820224719,0.10526315789473684,Civil,1,3,L437,2,0.5,4.0,B,72,2022,3,0.9102040816326529,0.125,Poor,1,DayScholar,Vizag,AP,Book_6,Author_6,Elsevier,2588644191.0,3.0,Hindi,0.5627808350583128,7.0,1,Major,2024.0,771.0,USA,210,0.3644859813084112,0.0,True,True,False,False,False,True,False,False,False,False,False,False,True,False,False,False,True,True,False,False,False,True
I3038,S1159,B2010,2025-12-02,2025-12-16,2026-01-02,0.2608695652173913,1.0,0.0,7,0.011235955056179775,0.8947368421052632,Math,1,3,L438,4,1.0,1.0,A,36,2023,8,0.6551020408163264,0.775,Poor,0,Hostel,Hyderabad,AP,Book_10,Author_10,Springer,7841745657.0,5.0,Hindi,0.16689806634018273,36.0,0,Minor,2021.0,767.0,USA,17,0.1588785046728972,0.0,True,False,False,False,True,False,False,False,False,False,True,False,False,False,True,True,False,True,True,False,False,True
I3039,S1129,B2105,2025-04-26,2025-05-10,2026-01-02,0.08695652173913043,3.0,0.6666666666666666,2,0.1797752808988764,0.7368421052631579,Science,0,0,L439,1,0.5,2.0,B,23,2022,5,0.7448979591836735,0.975,Average,0,Hostel,Rajahmundry,AP,Book_105,Author_105,Elsevier,4394861599.0,4.0,Hindi,0.774208613116575,47.0,0,Major,2018.0,710.0,USA,237,0.22429906542056074,0.08438818565400844,True,False,False,False,False,False,False,False,False,True,False,False,False,True,False,True,False,False,True,False,False,False
I3040,S1079,B2012,2025-06-08,2025-06-22,2025-06-18,0.7391304347826086,3.0,0.3333333333333333,7,0.8089887640449438,0.8421052631578947,Mechanical,0,3,L440,3,0.5,1.0,B,39,2023,7,0.6530612244897958,0.025,Average,1,DayScholar,Rajahmundry,AP,Book_12,Author_12,Springer,3001809173.0,4.0,Telugu,0.05091634270712372,17.0,0,Major,2018.0,504.0,India,0,0.8130841121495327,0.0,False,True,False,False,False,False,True,False,False,False,False,True,True,False,False,False,True,True,False,True,False,False
I3041,S1167,B2121,2025-11-17,2025-12-01,2025-11-27,0.43478260869565216,3.0,0.0,6,0.0898876404494382,0.5789473684210527,Mechanical,1,5,L441,2,0.3333333333333333,4.0,B,3,2022,8,0.35306122448979593,0.75,Poor,0,Hostel,Rajahmundry,AP,Book_121,Author_121,Elsevier,8447620940.0,1.0,Telugu,0.16624173272075526,27.0,1,Major,2021.0,187.0,India,0,0.1588785046728972,0.0,True,False,False,False,True,True,True,True,False,False,False,False,True,False,True,True,False,True,False,True,False,False
I3042,S1118,B2022,2025-04-26,2025-05-10,2025-05-15,0.13043478260869565,1.0,1.0,8,0.651685393258427,0.47368421052631576,Electronics,0,3,L442,1,0.6666666666666666,4.0,A,20,2024,8,0.2408163265306123,0.8,Poor,1,DayScholar,Rajahmundry,AP,Book_22,Author_22,Springer,9095104320.0,2.0,Telugu,0.41788256676932406,35.0,0,Major,2022.0,630.0,India,5,0.6261682242990654,6.0,True,True,False,False,False,False,True,False,False,False,False,False,True,False,True,False,False,True,False,True,True,False
I3043,S1098,B2141,2025-07-17,2025-07-31,2025-07-30,0.13043478260869565,2.0,0.6666666666666666,9,0.3258426966292135,0.8947368421052632,Science,0,1,L443,3,0.3333333333333333,4.0,B,75,2022,1,0.45918367346938765,0.625,Average,0,Hostel,Vizag,AP,Book_141,Author_141,McGraw Hill,2215052325.0,4.0,Hindi,0.5908264754884637,20.0,0,Major,2019.0,559.0,UK,0,0.4392523364485981,0.0,True,True,False,False,False,True,True,False,False,True,False,False,False,False,True,False,True,True,True,False,False,True
I3044,S1170,B2029,2025-11-19,2025-12-03,2025-11-30,0.17391304347826086,2.0,0.6666666666666666,1,0.9775280898876404,0.05263157894736842,Math,1,4,L444,5,0.5,3.0,A,62,2024,5,0.0612244897959185,0.15,Average,0,Hostel,Hyderabad,AP,Book_29,Author_29,Elsevier,8596019555.0,4.0,English,0.7315216842530418,34.0,0,Minor,2022.0,546.0,UK,0,0.7570093457943925,0.0,False,False,False,True,False,True,True,False,False,True,False,False,False,True,True,False,True,False,False,False,False,True
I3045,S1114,B2050,2025-08-14,2025-08-28,2025-08-27,0.9565217391304348,3.0,0.3333333333333333,10,0.3707865168539326,0.3157894736842105,Mechanical,1,4,L445,1,0.16666666666666666,2.0,B,22,2023,3,0.6183673469387754,0.075,Poor,0,Hostel,Rajahmundry,AP,Book_50,Author_50,McGraw Hill,2441876174.0,3.0,Telugu,0.4445019437572575,7.0,0,Major,2022.0,674.0,USA,0,0.38317757009345793,0.0,False,True,False,False,False,False,True,False,False,False,False,True,False,False,False,False,False,True,False,False,True,True
I3046,S1111,B2027,2025-02-11,2025-02-25,2025-02-27,1.0,2.0,1.0,7,0.20224719101123595,0.10526315789473684,Mechanical,0,0,L446,1,0.16666666666666666,4.0,C,37,2022,6,0.0,0.6,Poor,0,Hostel,Rajahmundry,AP,Book_27,Author_27,Oxford,1201461174.0,3.0,English,0.1919018528802948,28.0,1,Minor,2020.0,308.0,USA,2,0.17757009345794392,15.0,False,False,False,False,True,False,True,False,True,False,False,False,True,False,True,True,False,True,True,False,False,False
I3047,S1019,B2059,2025-12-02,2025-12-16,2025-12-17,0.4782608695652174,2.0,0.0,9,0.6966292134831461,0.42105263157894735,Electronics,0,5,L447,1,0.8333333333333334,2.0,C,29,2022,8,0.03265306122448982,0.075,Excellent,0,Hostel,Vijayawada,AP,Book_59,Author_59,Springer,6181710473.0,5.0,Hindi,0.5388877669510779,50.0,0,Major,2020.0,786.0,India,1,0.6635514018691588,0.0,False,False,False,False,True,False,True,False,False,False,False,True,True,False,True,False,True,True,False,False,True,False
I3048,S1129,B2045,2025-07-17,2025-07-31,2025-08-05,0.9130434782608695,0.0,0.6666666666666666,7,0.0,0.15789473684210525,Electronics,0,1,L448,3,0.5,2.0,B,23,2022,5,0.7448979591836735,0.975,Average,0,Hostel,Rajahmundry,AP,Book_45,Author_45,Springer,7535588425.0,2.0,English,0.4784419649618821,9.0,1,Major,2019.0,164.0,UK,5,0.018691588785046728,4.0,True,False,False,False,False,False,True,False,True,False,False,False,False,True,True,True,False,False,False,True,False,True
I3049,S1056,B2046,2025-10-09,2025-10-23,2026-01-02,0.08695652173913043,2.0,1.0,5,0.14606741573033707,0.47368421052631576,Math,1,0,L449,3,0.3333333333333333,2.0,A,62,2024,4,0.6612244897959184,0.35,Average,0,Hostel,Vijayawada,AP,Book_46,Author_46,Springer,6292882647.0,1.0,English,0.10426869288635333,23.0,1,Major,2021.0,392.0,UK,71,0.17757009345794392,0.4225352112676056,False,False,False,False,True,True,False,False,False,False,False,False,False,False,True,True,False,False,False,False,False,False
I3050,S1022,B2037,2025-08-14,2025-08-28,2025-08-27,0.9565217391304348,0.0,0.0,2,0.15730337078651685,0.5789473684210527,Science,1,4,L450,2,0.16666666666666666,3.0,B,77,2024,3,0.8653061224489796,0.075,Good,1,DayScholar,Vizag,AP,Book_37,Author_37,Oxford,1606140711.0,2.0,Telugu,0.9094259605190085,45.0,0,Major,2023.0,304.0,India,0,0.17757009345794392,0.0,True,True,False,False,False,False,True,False,False,False,False,True,False,True,True,False,False,False,True,False,False,True
I3051,S1016,B2053,2025-08-19,2025-09-02,2025-09-01,0.8260869565217391,2.0,1.0,7,0.7865168539325843,1.0,Science,0,3,L451,1,0.0,4.0,B,15,2024,2,0.6102040816326532,0.55,Average,1,Hostel,Vijayawada,AP,Book_53,Author_53,Pearson,9394670898.0,4.0,Telugu,0.6886454283839047,33.0,1,Minor,2020.0,106.0,USA,0,0.822429906542056,0.0,True,False,True,False,False,True,True,False,False,False,True,False,False,False,True,False,False,False,True,False,True,False
I3052,S1130,B2044,2025-05-27,2025-06-10,2025-06-06,0.6086956521739131,1.0,0.6666666666666666,8,0.9662921348314607,0.05263157894736842,Science,0,5,L452,2,0.6666666666666666,1.0,B,2,2021,6,0.40204081632653066,0.55,Good,1,DayScholar,Vijayawada,AP,Book_44,Author_44,Elsevier,4874631168.0,2.0,Hindi,0.30913313475034077,21.0,0,Minor,2023.0,233.0,UK,0,0.8130841121495327,0.0,False,False,False,False,True,False,True,False,False,False,False,True,True,False,True,False,False,True,True,False,True,False
I3053,S1080,B2035,2025-11-19,2025-12-03,2025-12-06,0.30434782608695654,1.0,0.3333333333333333,2,0.8876404494382022,0.631578947368421,Math,1,0,L453,4,1.0,2.0,C,66,2021,6,0.820408163265306,0.325,Good,1,DayScholar,Vizag,AP,Book_35,Author_35,McGraw Hill,5953912048.0,5.0,Hindi,0.09244206593628516,37.0,0,Major,2020.0,558.0,USA,3,0.794392523364486,3.3333333333333335,False,False,False,False,True,False,True,False,False,True,False,False,False,True,False,False,True,True,False,False,False,False
I3054,S1079,B2029,2025-05-12,2025-05-26,2025-05-31,0.8695652173913043,1.0,0.3333333333333333,7,0.33707865168539325,0.47368421052631576,Civil,1,4,L454,2,0.5,1.0,B,39,2023,7,0.6530612244897958,0.025,Average,1,DayScholar,Rajahmundry,AP,Book_29,Author_29,Elsevier,8596019555.0,4.0,English,0.7315216842530418,34.0,0,Minor,2022.0,546.0,UK,5,0.35514018691588783,2.0,False,True,False,False,False,False,True,False,False,True,False,False,False,True,True,False,True,False,False,False,False,False
I3055,S1170,B2159,2025-01-10,2025-01-24,2025-01-20,0.9565217391304348,3.0,0.6666666666666666,8,0.6741573033707865,0.42105263157894735,Science,1,5,L455,2,0.5,3.0,A,62,2024,5,0.0612244897959185,0.15,Average,0,Hostel,Hyderabad,AP,Book_159,Author_159,Springer,9737291733.0,5.0,English,0.22033876912202757,44.0,1,Major,2020.0,462.0,UK,0,0.6355140186915887,0.0,False,False,False,True,False,True,True,False,False,True,False,False,False,False,False,False,False,False,False,True,True,True
I3056,S1088,B2129,2025-12-20,2026-01-03,2026-01-02,0.5652173913043478,2.0,0.3333333333333333,5,0.6404494382022472,0.7368421052631579,Mechanical,0,5,L456,2,0.16666666666666666,2.0,A,7,2021,5,0.5061224489795918,0.925,Average,0,DayScholar,Vizag,AP,Book_129,Author_129,McGraw Hill,6126539546.0,3.0,Telugu,0.332533952643005,21.0,1,Minor,2019.0,740.0,UK,0,0.6355140186915887,0.0,True,False,False,False,False,True,True,False,False,True,False,False,False,False,False,True,False,True,False,False,True,False
I3057,S1047,B2137,2025-08-07,2025-08-21,2025-08-18,0.21739130434782608,0.0,0.0,2,0.3258426966292135,0.47368421052631576,Mechanical,1,1,L457,3,0.0,1.0,A,79,2024,7,0.2510204081632653,0.475,Poor,0,DayScholar,Vijayawada,AP,Book_137,Author_137,Elsevier,6147565440.0,5.0,English,0.32092189629928813,50.0,0,Minor,2018.0,139.0,USA,0,0.29906542056074764,0.0,False,False,False,False,True,False,True,False,False,False,True,False,False,False,True,True,False,True,True,False,True,True
I3058,S1044,B2148,2025-04-06,2025-04-20,2025-04-16,0.6086956521739131,0.0,0.3333333333333333,4,0.9213483146067416,0.0,Math,0,0,L458,3,0.0,4.0,B,56,2021,5,0.5122448979591837,0.7,Average,1,DayScholar,Vijayawada,AP,Book_148,Author_148,McGraw Hill,6524266508.0,2.0,Hindi,0.7447871964457011,4.0,1,Major,2020.0,369.0,UK,0,0.7289719626168224,0.0,True,False,False,True,False,False,True,False,False,False,False,True,False,False,True,True,False,False,False,True,False,False
I3059,S1149,B2065,2025-07-29,2025-08-12,2025-08-09,0.0,3.0,0.3333333333333333,5,0.2808988764044944,0.0,Civil,1,0,L459,3,0.6666666666666666,3.0,A,49,2024,8,0.22040816326530607,0.125,Average,0,DayScholar,Rajahmundry,AP,Book_65,Author_65,Elsevier,9780252713.0,2.0,English,0.8124400464482253,25.0,0,Minor,2023.0,480.0,India,0,0.205607476635514,0.0,True,True,False,False,False,False,True,False,False,True,False,False,False,False,True,True,False,False,False,True,True,True
I3060,S1035,B2018,2025-03-17,2025-03-31,2025-03-27,0.5217391304347826,2.0,0.0,6,0.4606741573033708,0.8421052631578947,Civil,0,5,L460,1,0.16666666666666666,4.0,A,73,2021,8,0.2081632653061225,0.875,Excellent,1,DayScholar,Hyderabad,AP,Book_18,Author_18,Springer,6179368807.0,4.0,Telugu,0.5688266774372697,31.0,0,Minor,2022.0,725.0,USA,0,0.514018691588785,0.0,True,False,True,False,False,True,True,True,False,False,False,False,True,False,False,True,False,False,False,False,True,False
I3061,S1155,B2079,2025-08-30,2025-09-13,2025-09-10,0.6521739130434783,0.0,0.6666666666666666,6,0.8314606741573034,0.5263157894736842,Electronics,0,0,L461,5,0.16666666666666666,1.0,B,62,2022,7,0.763265306122449,0.95,Poor,0,Hostel,Vizag,AP,Book_79,Author_79,McGraw Hill,8115825382.0,1.0,English,0.44596607260059584,46.0,0,Minor,2021.0,240.0,UK,0,0.7663551401869159,0.0,False,False,False,False,True,False,True,False,False,False,True,False,True,False,False,False,True,True,False,False,False,True
I3062,S1068,B2131,2025-08-20,2025-09-03,2025-08-30,0.4782608695652174,2.0,0.0,7,0.24719101123595505,0.15789473684210525,Math,1,1,L462,4,0.8333333333333334,4.0,C,60,2021,7,0.22040816326530607,0.675,Poor,1,Hostel,Vijayawada,AP,Book_131,Author_131,Oxford,5183082045.0,4.0,Hindi,0.060243853183218045,26.0,1,Minor,2023.0,583.0,India,0,0.22429906542056074,0.0,True,False,False,False,True,False,True,False,False,False,False,False,False,True,False,False,False,False,True,False,True,True
I3063,S1082,B2098,2025-08-05,2025-08-19,2025-08-22,0.782608695652174,1.0,0.6666666666666666,6,0.3146067415730337,0.5789473684210527,Electronics,0,3,L463,3,0.5,3.0,B,15,2021,5,0.8244897959183671,0.55,Good,0,DayScholar,Vizag,AP,Book_98,Author_98,McGraw Hill,5211695949.0,3.0,Telugu,0.8179557732114908,1.0,1,Major,2020.0,228.0,USA,3,0.34579439252336447,6.666666666666667,True,False,True,False,False,False,True,False,True,False,False,False,False,False,False,False,False,False,False,True,True,False
I3064,S1163,B2061,2025-12-18,2026-01-01,2026-01-02,0.2608695652173913,1.0,0.0,3,0.0449438202247191,0.631578947368421,Mechanical,1,4,L464,2,0.3333333333333333,2.0,A,12,2022,4,0.3346938775510204,0.25,Average,1,DayScholar,Vizag,AP,Book_61,Author_61,Elsevier,7614460540.0,4.0,Hindi,0.034722572827788144,17.0,0,Major,2023.0,593.0,UK,1,0.102803738317757,0.0,True,True,False,False,False,False,True,False,True,False,False,False,True,False,True,False,False,False,False,False,False,False
I3065,S1085,B2068,2025-07-19,2025-08-02,2025-08-07,0.043478260869565216,2.0,0.0,5,0.06741573033707865,0.0,Math,0,0,L465,5,0.8333333333333334,4.0,A,5,2022,2,0.19183673469387758,0.4,Average,1,DayScholar,Vijayawada,AP,Book_68,Author_68,McGraw Hill,1910786668.0,2.0,Telugu,0.7926364416620387,48.0,0,Major,2019.0,134.0,UK,5,0.028037383177570093,0.0,True,False,True,False,False,False,True,False,False,True,False,False,True,False,False,False,False,False,False,False,True,False
I3066,S1003,B2118,2025-05-30,2025-06-13,2025-06-15,0.08695652173913043,1.0,0.0,5,0.8539325842696629,0.47368421052631576,Math,1,2,L466,4,0.6666666666666666,4.0,C,67,2021,3,0.23061224489795928,0.15,Good,1,Hostel,Vijayawada,AP,Book_118,Author_118,McGraw Hill,6328989421.0,4.0,English,0.7243020144393397,10.0,1,Major,2022.0,222.0,India,2,0.7663551401869159,0.0,False,False,False,False,True,False,True,True,False,False,False,False,False,True,False,True,False,False,False,False,False,True
I3067,S1151,B2042,2025-05-21,2025-06-04,2025-06-10,0.30434782608695654,1.0,0.6666666666666666,6,0.7752808988764045,0.5263157894736842,Mechanical,1,2,L467,5,0.6666666666666666,4.0,B,52,2022,5,0.33265306122448984,0.725,Good,0,DayScholar,Hyderabad,AP,Book_42,Author_42,Oxford,8457930958.0,1.0,English,0.6852627858837784,16.0,0,Major,2019.0,420.0,India,6,0.719626168224299,3.3333333333333335,True,False,False,True,False,True,True,False,False,False,False,True,False,False,True,True,False,True,False,False,True,False
I3068,S1116,B2050,2025-12-27,2026-01-10,2026-01-02,0.043478260869565216,0.0,0.3333333333333333,5,0.7191011235955056,0.0,Mechanical,0,3,L468,4,1.0,2.0,B,9,2022,4,0.1285714285714287,0.175,Average,0,DayScholar,Vizag,AP,Book_50,Author_50,McGraw Hill,2441876174.0,3.0,Telugu,0.4445019437572575,7.0,0,Major,2022.0,674.0,USA,0,0.5700934579439252,0.0,False,False,False,False,True,True,False,False,False,False,False,True,False,False,False,False,False,True,False,False,False,True
I3069,S1051,B2006,2025-03-29,2025-04-12,2025-04-11,0.17391304347826086,2.0,0.6666666666666666,5,0.30337078651685395,0.21052631578947367,Civil,1,5,L469,4,0.16666666666666666,3.0,A,49,2024,7,0.19183673469387758,0.6,Good,0,Hostel,Vizag,AP,Book_6,Author_6,Elsevier,2588644191.0,3.0,Hindi,0.5627808350583128,7.0,1,Major,2024.0,771.0,USA,0,0.2616822429906542,0.0,False,True,False,False,False,False,True,False,False,False,False,False,True,False,False,False,True,True,False,False,True,False
I3070,S1066,B2069,2025-07-24,2025-08-07,2025-08-03,0.7391304347826086,0.0,0.6666666666666666,5,0.3707865168539326,0.6842105263157895,Math,1,1,L470,3,0.6666666666666666,2.0,C,21,2024,7,0.48163265306122444,0.45,Poor,1,Hostel,Rajahmundry,AP,Book_69,Author_69,Pearson,4600651694.0,5.0,English,1.0,37.0,1,Minor,2019.0,444.0,India,0,0.40186915887850466,0.0,True,False,False,False,False,True,True,False,False,False,False,True,False,False,False,False,True,True,False,True,False,True
I3071,S1104,B2149,2025-02-10,2025-02-24,2026-01-02,0.9130434782608695,3.0,0.6666666666666666,5,0.9550561797752809,0.8421052631578947,Math,0,2,L471,4,0.3333333333333333,4.0,B,12,2022,4,0.336734693877551,0.175,Poor,1,DayScholar,Vijayawada,AP,Book_149,Author_149,Oxford,7761986651.0,5.0,Hindi,0.6984147018730752,38.0,1,Major,2021.0,100.0,UK,312,0.9158878504672897,0.0641025641025641,True,True,False,False,False,False,False,False,False,True,False,False,False,True,True,False,False,False,True,False,True,True
I3072,S1129,B2014,2025-03-15,2025-03-29,2025-03-31,0.5217391304347826,3.0,1.0,5,0.8764044943820225,0.8421052631578947,Mechanical,1,5,L472,4,0.5,2.0,B,23,2022,5,0.7448979591836735,0.975,Average,0,Hostel,Rajahmundry,AP,Book_14,Author_14,Pearson,3716081557.0,3.0,English,0.6497955268339476,1.0,0,Major,2024.0,252.0,UK,2,0.8504672897196262,15.0,True,False,False,False,False,False,True,False,False,False,True,False,False,False,True,False,True,True,False,True,True,False
I3073,S1009,B2085,2025-10-07,2025-10-21,2025-10-23,0.7391304347826086,1.0,1.0,2,0.2247191011235955,0.10526315789473684,Programming,0,1,L473,2,0.5,2.0,A,24,2024,4,0.6224489795918365,0.425,Average,1,Hostel,Hyderabad,AP,Book_85,Author_85,Springer,5317370365.0,1.0,Telugu,0.19417377694754379,46.0,1,Minor,2019.0,487.0,UK,2,0.14953271028037382,15.0,True,False,False,True,False,False,True,False,True,False,False,False,False,False,True,False,True,False,False,False,True,True
I3074,S1159,B2117,2025-08-14,2025-08-28,2025-08-28,0.043478260869565216,0.0,1.0,9,0.3258426966292135,0.47368421052631576,Civil,1,3,L474,1,1.0,1.0,A,36,2023,8,0.6551020408163264,0.775,Poor,0,Hostel,Hyderabad,AP,Book_117,Author_117,Oxford,4028992274.0,4.0,Telugu,0.6812111879638513,36.0,1,Minor,2024.0,373.0,USA,0,0.3644859813084112,0.0,True,False,False,False,True,False,True,False,False,True,False,False,False,True,False,False,False,True,True,False,False,True
I3075,S1039,B2014,2025-01-27,2025-02-10,2025-02-06,0.30434782608695654,0.0,0.3333333333333333,2,0.20224719101123595,0.05263157894736842,Electronics,0,5,L475,3,1.0,3.0,C,64,2022,8,0.640816326530612,0.925,Poor,1,DayScholar,Vizag,AP,Book_14,Author_14,Pearson,3716081557.0,3.0,English,0.6497955268339476,1.0,0,Major,2024.0,252.0,UK,0,0.12149532710280374,0.0,True,False,True,False,False,False,True,False,False,False,True,False,False,False,True,False,True,True,False,True,False,True
I3076,S1066,B2014,2025-06-23,2025-07-07,2025-07-10,0.13043478260869565,1.0,0.3333333333333333,2,0.5168539325842697,0.8421052631578947,Science,1,5,L476,5,0.6666666666666666,2.0,C,21,2024,7,0.48163265306122444,0.45,Poor,1,Hostel,Rajahmundry,AP,Book_14,Author_14,Pearson,3716081557.0,3.0,English,0.6497955268339476,1.0,0,Major,2024.0,252.0,UK,3,0.5233644859813084,3.3333333333333335,True,False,False,False,False,True,True,False,False,False,True,False,False,False,True,False,True,True,False,True,True,False
I3077,S1163,B2014,2025-02-09,2025-02-23,2026-01-02,0.9565217391304348,3.0,1.0,10,0.8876404494382022,0.7368421052631579,Electronics,1,1,L477,1,0.3333333333333333,2.0,A,12,2022,4,0.3346938775510204,0.25,Average,1,DayScholar,Vizag,AP,Book_14,Author_14,Pearson,3716081557.0,3.0,English,0.6497955268339476,1.0,0,Major,2024.0,252.0,UK,313,0.8878504672897196,0.09584664536741214,True,True,False,False,False,False,False,False,False,False,True,False,False,False,True,False,True,True,False,True,False,False
I3078,S1004,B2122,2025-10-07,2025-10-21,2026-01-02,0.08695652173913043,0.0,1.0,5,0.4044943820224719,0.10526315789473684,Mechanical,1,2,L478,5,1.0,1.0,B,70,2021,3,0.6938775510204083,0.6,Excellent,0,Hostel,Hyderabad,AP,Book_122,Author_122,Springer,1973600701.0,3.0,English,0.04925026505780782,11.0,0,Major,2018.0,315.0,India,73,0.32710280373831774,0.410958904109589,True,False,False,False,False,False,False,False,False,False,False,True,False,False,False,True,False,False,True,False,True,False
I3079,S1073,B2095,2025-09-16,2025-09-30,2026-01-02,0.6086956521739131,1.0,1.0,9,0.02247191011235955,0.5263157894736842,Mechanical,1,5,L479,2,0.0,4.0,C,16,2024,5,0.34081632653061233,0.05,Excellent,0,DayScholar,Rajahmundry,AP,Book_95,Author_95,Elsevier,9974991511.0,2.0,English,0.42049527944666026,12.0,0,Major,2022.0,226.0,USA,94,0.12149532710280374,0.3191489361702128,True,False,False,True,False,True,False,False,False,True,False,False,True,False,True,False,True,False,False,False,True,True
I3080,S1162,B2102,2025-10-17,2025-10-31,2025-11-04,0.7391304347826086,1.0,0.0,8,0.23595505617977527,1.0,Electronics,1,3,L480,5,0.0,1.0,B,36,2021,8,0.483673469387755,0.7,Excellent,0,DayScholar,Vizag,AP,Book_102,Author_102,Elsevier,4848769713.0,3.0,Hindi,0.9579820265562681,44.0,1,Major,2023.0,598.0,USA,4,0.37383177570093457,0.0,True,False,False,True,False,False,True,False,False,False,True,False,False,False,True,False,True,False,True,False,False,False
I3081,S1121,B2116,2025-06-06,2025-06-20,2025-06-24,0.30434782608695654,1.0,0.0,3,0.8202247191011236,0.6842105263157895,Civil,0,2,L481,1,1.0,2.0,C,25,2022,1,0.7551020408163264,0.075,Average,1,Hostel,Hyderabad,AP,Book_116,Author_116,McGraw Hill,9620718980.0,1.0,English,0.36872065431413137,33.0,1,Major,2021.0,733.0,UK,4,0.7570093457943925,0.0,True,False,True,False,False,True,True,False,False,False,False,False,True,False,True,True,False,True,True,False,True,False
I3082,S1171,B2015,2025-07-08,2025-07-22,2025-07-18,0.5652173913043478,0.0,0.0,5,0.3258426966292135,0.3684210526315789,Science,0,2,L482,2,0.16666666666666666,4.0,C,42,2022,1,0.8755102040816325,0.775,Excellent,0,Hostel,Vizag,AP,Book_15,Author_15,Springer,9325872680.0,2.0,Hindi,0.841230373100419,27.0,1,Major,2022.0,606.0,USA,0,0.308411214953271,0.0,True,False,False,True,False,True,True,False,False,False,False,True,False,True,True,True,False,True,True,False,False,False
I3083,S1015,B2102,2025-04-03,2025-04-17,2025-04-14,0.2608695652173913,1.0,0.3333333333333333,4,0.033707865168539325,0.05263157894736842,Civil,1,3,L483,2,0.6666666666666666,2.0,A,34,2023,1,0.40204081632653066,0.825,Good,1,Hostel,Vijayawada,AP,Book_102,Author_102,Elsevier,4848769713.0,3.0,Hindi,0.9579820265562681,44.0,1,Major,2023.0,598.0,USA,0,0.0,0.0,False,False,True,False,False,False,True,False,False,False,True,False,False,False,True,False,True,False,True,False,False,True
I3084,S1086,B2029,2025-10-29,2025-11-12,2025-11-09,0.8695652173913043,1.0,0.6666666666666666,7,0.20224719101123595,0.5263157894736842,Math,0,2,L484,1,0.6666666666666666,1.0,C,52,2021,4,0.31224489795918364,0.6,Average,0,Hostel,Vijayawada,AP,Book_29,Author_29,Elsevier,8596019555.0,4.0,English,0.7315216842530418,34.0,0,Minor,2022.0,546.0,UK,0,0.2523364485981308,0.0,True,False,False,False,False,False,True,False,False,True,False,False,False,True,True,False,True,False,False,False,True,True
I3085,S1167,B2094,2025-09-07,2025-09-21,2025-09-17,0.6086956521739131,2.0,0.3333333333333333,8,0.5955056179775281,0.5789473684210527,Civil,0,3,L485,2,0.3333333333333333,4.0,B,3,2022,8,0.35306122448979593,0.75,Poor,0,Hostel,Rajahmundry,AP,Book_94,Author_94,Pearson,7377021872.0,2.0,English,0.8413313475034079,39.0,0,Major,2020.0,553.0,India,0,0.5981308411214953,0.0,True,False,False,False,True,True,True,False,False,False,False,True,True,False,True,True,False,True,False,False,False,False
I3086,S1128,B2076,2025-08-09,2025-08-23,2025-08-22,0.5217391304347826,1.0,0.6666666666666666,5,0.6853932584269663,0.5263157894736842,Science,1,3,L486,2,0.0,4.0,B,52,2023,4,0.1183673469387755,0.475,Poor,0,Hostel,Hyderabad,AP,Book_76,Author_76,Pearson,6196262457.0,5.0,English,0.7470338769122028,49.0,1,Major,2023.0,212.0,USA,0,0.6355140186915887,0.0,False,False,False,False,False,False,True,False,False,False,False,False,False,True,False,False,True,False,False,False,True,False
I3087,S1152,B2146,2025-03-29,2025-04-12,2025-04-17,0.0,2.0,1.0,3,0.06741573033707865,0.8421052631578947,Science,1,3,L487,3,0.16666666666666666,2.0,B,56,2022,7,0.16326530612244908,0.7,Good,1,Hostel,Vizag,AP,Book_146,Author_146,Pearson,1326797351.0,1.0,Hindi,0.5876457817943153,47.0,0,Major,2023.0,371.0,India,5,0.1588785046728972,6.0,False,False,False,True,False,False,True,False,False,True,False,False,False,False,True,True,False,True,False,False,False,True
I3088,S1019,B2021,2025-04-22,2025-05-06,2025-05-12,0.6956521739130435,1.0,0.6666666666666666,1,0.797752808988764,0.05263157894736842,Civil,0,1,L488,5,0.8333333333333334,2.0,C,29,2022,8,0.03265306122448982,0.075,Excellent,0,Hostel,Vijayawada,AP,Book_21,Author_21,Pearson,9538108318.0,1.0,Telugu,0.8716236684000606,28.0,0,Minor,2018.0,749.0,USA,6,0.6074766355140186,3.3333333333333335,False,False,False,False,True,False,True,False,False,False,False,True,True,False,False,True,False,True,False,False,False,False
I3089,S1073,B2039,2025-03-07,2025-03-21,2025-03-21,0.5652173913043478,0.0,0.6666666666666666,5,0.21348314606741572,1.0,Science,1,3,L489,1,0.0,4.0,C,16,2024,5,0.34081632653061233,0.05,Excellent,0,DayScholar,Rajahmundry,AP,Book_39,Author_39,McGraw Hill,2723314954.0,5.0,Telugu,0.878994799818246,13.0,0,Minor,2023.0,693.0,UK,0,0.32710280373831774,0.0,True,False,False,True,False,True,True,False,True,False,False,False,True,False,False,False,True,False,False,True,False,False
I3090,S1174,B2110,2025-06-29,2025-07-13,2025-07-09,0.43478260869565216,2.0,0.0,10,0.2696629213483146,0.631578947368421,Science,1,0,L490,2,0.8333333333333334,4.0,A,14,2022,6,0.3020408163265306,0.6,Poor,1,Hostel,Hyderabad,AP,Book_110,Author_110,Springer,5589998239.0,2.0,Hindi,0.9773817337304994,31.0,1,Minor,2023.0,455.0,India,0,0.35514018691588783,0.0,True,False,True,False,False,True,True,False,True,False,False,False,True,False,True,False,True,True,False,False,False,False
I3091,S1089,B2080,2025-08-25,2025-09-08,2025-09-14,0.17391304347826086,1.0,0.0,3,0.24719101123595505,0.3157894736842105,Science,1,3,L491,3,0.6666666666666666,1.0,A,61,2022,6,0.7326530612244898,0.875,Excellent,0,Hostel,Rajahmundry,AP,Book_80,Author_80,Oxford,6381925761.0,2.0,Hindi,0.9071540364517595,16.0,0,Minor,2020.0,251.0,India,6,0.21495327102803738,0.0,True,False,False,True,False,True,True,False,False,False,False,False,True,False,True,False,True,True,False,True,False,False
I3092,S1074,B2043,2025-12-20,2026-01-03,2026-01-09,0.43478260869565216,2.0,0.3333333333333333,8,0.8876404494382022,0.6842105263157895,Math,0,1,L492,1,0.16666666666666666,4.0,B,20,2022,7,0.820408163265306,0.825,Average,1,DayScholar,Hyderabad,AP,Book_43,Author_43,Pearson,7375405499.0,3.0,English,0.8553163023173626,25.0,0,Major,2024.0,460.0,UK,6,0.8598130841121495,1.6666666666666667,False,False,False,False,False,False,True,False,True,False,False,False,False,True,False,False,True,True,True,False,False,False
I3093,S1031,B2022,2025-07-01,2025-07-15,2026-01-02,0.2608695652173913,2.0,1.0,3,0.056179775280898875,0.8947368421052632,Civil,0,3,L493,4,0.3333333333333333,4.0,C,21,2021,2,0.7102040816326528,0.175,Poor,0,Hostel,Hyderabad,AP,Book_22,Author_22,Springer,9095104320.0,2.0,Telugu,0.41788256676932406,35.0,0,Major,2022.0,630.0,India,171,0.1588785046728972,0.17543859649122806,False,False,False,False,True,True,False,False,False,False,False,False,True,False,True,False,False,True,False,True,True,False
I3094,S1025,B2126,2025-11-28,2025-12-12,2025-12-08,0.6956521739130435,2.0,1.0,4,0.7078651685393258,0.05263157894736842,Science,0,1,L494,4,0.5,3.0,A,7,2022,4,0.5612244897959182,0.825,Good,1,DayScholar,Vizag,AP,Book_126,Author_126,Springer,1845058903.0,4.0,Hindi,0.5818397536224568,27.0,1,Minor,2023.0,536.0,India,0,0.5607476635514018,0.0,True,False,False,False,True,False,True,False,False,False,False,True,True,False,True,False,True,False,False,True,False,False
I3095,S1035,B2085,2025-10-02,2025-10-16,2025-10-17,0.6086956521739131,1.0,0.6666666666666666,7,0.9213483146067416,0.0,Mechanical,0,1,L495,4,0.16666666666666666,4.0,A,73,2021,8,0.2081632653061225,0.875,Excellent,1,DayScholar,Hyderabad,AP,Book_85,Author_85,Springer,5317370365.0,1.0,Telugu,0.19417377694754379,46.0,1,Minor,2019.0,487.0,UK,1,0.7570093457943925,20.0,True,False,True,False,False,True,True,False,True,False,False,False,False,False,True,False,True,False,False,False,False,False
I3096,S1049,B2024,2025-05-13,2025-05-27,2025-05-26,1.0,0.0,0.0,8,0.3595505617977528,0.47368421052631576,Science,0,5,L496,2,0.8333333333333334,1.0,A,27,2024,3,0.7714285714285712,1.0,Average,0,Hostel,Vizag,AP,Book_24,Author_24,McGraw Hill,9895171126.0,3.0,Telugu,0.7782349674357552,11.0,0,Major,2023.0,185.0,India,0,0.38317757009345793,0.0,False,True,False,False,False,False,True,False,False,False,False,True,False,True,True,True,False,False,True,False,True,False
I3097,S1165,B2090,2025-05-27,2025-06-10,2025-06-09,0.6086956521739131,0.0,1.0,4,0.9662921348314607,1.0,Civil,0,4,L497,1,0.16666666666666666,3.0,A,69,2023,6,0.820408163265306,0.65,Poor,0,Hostel,Vijayawada,AP,Book_90,Author_90,McGraw Hill,3405630947.0,1.0,English,0.8629020043418993,42.0,1,Minor,2023.0,713.0,USA,0,0.9439252336448598,0.0,True,False,False,False,True,True,True,False,True,False,False,False,True,False,False,False,False,False,False,False,False,True
I3098,S1041,B2069,2025-07-02,2025-07-16,2025-07-13,0.08695652173913043,3.0,1.0,10,0.48314606741573035,0.7894736842105263,Science,0,4,L498,3,0.0,1.0,C,6,2021,4,0.01428571428571434,0.1,Average,1,DayScholar,Vijayawada,AP,Book_69,Author_69,Pearson,4600651694.0,5.0,English,1.0,37.0,1,Minor,2019.0,444.0,India,0,0.5607476635514018,0.0,True,False,True,False,False,True,True,False,False,False,False,True,False,False,False,False,True,True,False,True,False,True
I3099,S1033,B2082,2025-10-04,2025-10-18,2026-01-02,0.0,1.0,0.0,10,0.25842696629213485,0.42105263157894735,Mechanical,0,1,L499,2,0.5,1.0,C,46,2022,2,0.9142857142857139,0.425,Average,0,Hostel,Vizag,AP,Book_82,Author_82,Oxford,8075260654.0,2.0,Hindi,0.24890190336749635,37.0,0,Major,2024.0,491.0,UK,76,0.308411214953271,0.0,False,False,True,False,False,False,False,False,False,False,False,True,True,False,True,False,True,True,False,False,True,True
I3100,S1037,B2101,2025-02-19,2025-03-05,2025-03-01,0.30434782608695654,3.0,0.0,7,0.6853932584269663,0.05263157894736842,Science,0,0,L500,1,0.5,4.0,B,53,2023,2,0.7938775510204079,0.75,Good,1,Hostel,Hyderabad,AP,Book_101,Author_101,Oxford,9692950124.0,4.0,Telugu,0.9320947139900035,13.0,0,Major,2018.0,783.0,India,0,0.5700934579439252,0.0,False,False,False,False,True,False,True,True,False,False,False,False,False,False,True,False,False,False,True,False,False,False
I3101,S1135,B2111,2025-09-13,2025-09-27,2025-09-29,0.043478260869565216,3.0,1.0,5,0.48314606741573035,0.5789473684210527,Mechanical,0,1,L501,2,0.3333333333333333,2.0,A,16,2021,6,0.6775510204081633,0.625,Poor,1,Hostel,Vizag,AP,Book_111,Author_111,Pearson,5896017613.0,1.0,English,0.385936790023729,5.0,1,Major,2022.0,748.0,India,2,0.4766355140186916,15.0,True,False,True,False,False,True,True,True,False,False,False,False,False,False,True,False,False,False,False,True,True,False
I3102,S1151,B2085,2025-01-12,2025-01-26,2025-01-30,0.6521739130434783,1.0,0.6666666666666666,10,0.4157303370786517,0.15789473684210525,Programming,0,5,L502,5,0.6666666666666666,4.0,B,52,2022,5,0.33265306122448984,0.725,Good,0,DayScholar,Hyderabad,AP,Book_85,Author_85,Springer,5317370365.0,1.0,Telugu,0.19417377694754379,46.0,1,Minor,2019.0,487.0,UK,4,0.3925233644859813,5.0,True,False,False,True,False,True,True,False,True,False,False,False,False,False,True,False,True,False,False,False,True,False
I3103,S1053,B2143,2025-07-21,2025-08-04,2025-08-05,0.08695652173913043,0.0,1.0,2,0.34831460674157305,0.7368421052631579,Electronics,1,4,L503,3,0.16666666666666666,4.0,B,22,2021,8,0.7897959183673467,0.325,Poor,1,DayScholar,Rajahmundry,AP,Book_143,Author_143,Elsevier,9981492907.0,5.0,English,0.5514590801231888,25.0,0,Major,2021.0,763.0,UK,1,0.3644859813084112,30.0,True,False,True,False,False,True,True,False,False,False,True,False,False,False,False,False,True,True,False,False,True,False
I3104,S1096,B2024,2025-04-13,2025-04-27,2025-04-25,0.43478260869565216,1.0,1.0,4,0.21348314606741572,0.42105263157894735,Electronics,1,1,L504,3,0.6666666666666666,3.0,A,25,2021,5,0.23061224489795928,0.625,Good,1,Hostel,Hyderabad,AP,Book_24,Author_24,McGraw Hill,9895171126.0,3.0,Telugu,0.7782349674357552,11.0,0,Major,2023.0,185.0,India,0,0.21495327102803738,0.0,False,False,True,False,False,False,True,False,False,False,False,True,False,True,True,True,False,False,True,False,True,True
I3105,S1173,B2036,2025-04-14,2025-04-28,2025-05-02,0.782608695652174,1.0,0.0,2,0.9438202247191011,0.631578947368421,Civil,0,5,L505,3,0.5,3.0,B,40,2022,2,0.7530612244897958,0.55,Excellent,1,DayScholar,Rajahmundry,AP,Book_36,Author_36,Elsevier,8475532324.0,1.0,Hindi,0.0,11.0,1,Major,2018.0,143.0,USA,4,0.8411214953271028,0.0,False,True,False,False,False,True,True,True,False,False,False,False,False,False,False,True,False,False,False,True,False,False
I3106,S1141,B2132,2025-12-16,2025-12-30,2025-12-27,0.2608695652173913,1.0,1.0,2,0.29213483146067415,0.2631578947368421,Mechanical,0,1,L506,5,0.16666666666666666,4.0,B,80,2024,7,0.6142857142857142,0.925,Average,0,DayScholar,Hyderabad,AP,Book_132,Author_132,Oxford,4897662039.0,2.0,Telugu,0.3799035694451457,2.0,1,Major,2021.0,684.0,UK,0,0.2336448598130841,0.0,False,False,False,True,False,True,True,False,True,False,False,False,True,False,False,False,False,True,False,False,False,False
I3107,S1053,B2132,2025-10-27,2025-11-10,2025-11-10,0.5652173913043478,3.0,1.0,10,0.43820224719101125,0.05263157894736842,Math,1,2,L507,4,0.16666666666666666,4.0,B,22,2021,8,0.7897959183673467,0.325,Poor,1,DayScholar,Rajahmundry,AP,Book_132,Author_132,Oxford,4897662039.0,2.0,Telugu,0.3799035694451457,2.0,1,Major,2021.0,684.0,UK,0,0.3925233644859813,0.0,True,False,True,False,False,True,True,False,True,False,False,False,True,False,False,False,False,True,False,False,True,True
I3108,S1101,B2115,2025-03-30,2025-04-13,2025-04-09,0.4782608695652174,3.0,1.0,1,0.6292134831460674,0.631578947368421,Electronics,0,5,L508,3,1.0,4.0,B,62,2023,2,0.9632653061224487,0.625,Good,1,DayScholar,Vizag,AP,Book_115,Author_115,Elsevier,4180288939.0,3.0,Telugu,0.43155197657393846,24.0,1,Major,2020.0,126.0,USA,0,0.5700934579439252,0.0,False,False,False,False,False,False,True,False,False,False,False,True,True,False,True,False,False,False,False,False,False,False
I3109,S1069,B2050,2025-07-14,2025-07-28,2025-07-24,0.43478260869565216,3.0,0.0,3,0.16853932584269662,0.3684210526315789,Math,1,4,L509,4,0.6666666666666666,3.0,C,40,2024,5,0.9755102040816325,0.275,Average,0,Hostel,Rajahmundry,AP,Book_50,Author_50,McGraw Hill,2441876174.0,3.0,Telugu,0.4445019437572575,7.0,0,Major,2022.0,674.0,USA,0,0.1588785046728972,0.0,True,True,False,False,False,False,True,False,False,False,False,True,False,False,False,False,False,True,False,False,True,True
I3110,S1035,B2093,2025-11-11,2025-11-25,2025-11-25,0.13043478260869565,1.0,1.0,7,0.7303370786516854,0.3157894736842105,Electronics,1,2,L510,4,0.16666666666666666,4.0,A,73,2021,8,0.2081632653061225,0.875,Excellent,1,DayScholar,Hyderabad,AP,Book_93,Author_93,Oxford,3294906878.0,4.0,Hindi,0.9343540162568789,14.0,0,Major,2019.0,229.0,India,0,0.6542056074766355,0.0,True,False,True,False,False,True,True,True,False,False,False,False,False,True,True,True,False,True,False,True,True,True
I3111,S1107,B2017,2025-03-24,2025-04-07,2025-04-09,0.5652173913043478,2.0,0.3333333333333333,8,0.4606741573033708,0.05263157894736842,Programming,1,1,L511,4,0.16666666666666666,1.0,A,14,2021,7,0.8040816326530611,0.575,Poor,1,Hostel,Vijayawada,AP,Book_17,Author_17,Pearson,5893993062.0,1.0,Telugu,0.3412177513000454,3.0,1,Major,2022.0,512.0,India,2,0.3925233644859813,5.0,True,False,False,False,False,False,True,False,False,False,False,True,False,False,True,False,True,True,True,False,True,True
I3112,S1080,B2004,2025-06-19,2025-07-03,2025-07-04,0.08695652173913043,1.0,0.0,7,0.4606741573033708,0.3684210526315789,Math,1,2,L512,4,1.0,2.0,C,66,2021,6,0.820408163265306,0.325,Good,1,DayScholar,Vizag,AP,Book_4,Author_4,McGraw Hill,7435642985.0,5.0,Hindi,0.041576210430655826,50.0,1,Major,2024.0,433.0,USA,1,0.4392523364485981,0.0,False,False,False,False,True,False,True,True,False,False,False,False,False,True,True,False,True,False,True,False,False,True
I3113,S1150,B2156,2025-05-26,2025-06-09,2025-06-10,0.043478260869565216,3.0,0.6666666666666666,1,0.02247191011235955,0.631578947368421,Civil,0,0,L513,5,0.6666666666666666,4.0,A,14,2022,3,0.7693877551020407,0.375,Good,0,DayScholar,Vijayawada,AP,Book_156,Author_156,Pearson,1688685850.0,2.0,Telugu,0.4288887766951077,14.0,1,Major,2019.0,232.0,UK,1,0.06542056074766354,20.0,False,False,True,False,False,False,True,False,False,False,False,True,False,False,True,False,False,False,False,False,False,True
I3114,S1121,B2019,2025-08-14,2025-08-28,2026-01-02,0.13043478260869565,1.0,0.3333333333333333,9,0.8876404494382022,0.9473684210526315,Math,0,3,L514,3,1.0,2.0,C,25,2022,1,0.7551020408163264,0.075,Average,1,Hostel,Hyderabad,AP,Book_19,Author_19,Oxford,3853431395.0,2.0,Hindi,0.6100620992578382,6.0,1,Major,2019.0,718.0,UK,127,0.9158878504672897,0.07874015748031496,True,False,True,False,False,True,False,False,True,False,False,False,True,False,True,True,False,True,False,True,True,False
I3115,S1023,B2046,2025-04-02,2025-04-16,2025-04-18,1.0,0.0,1.0,5,0.6741573033707865,0.5789473684210527,Civil,1,5,L515,3,0.6666666666666666,3.0,A,77,2023,6,0.7999999999999999,0.375,Poor,1,DayScholar,Hyderabad,AP,Book_46,Author_46,Springer,6292882647.0,1.0,English,0.10426869288635333,23.0,1,Major,2021.0,392.0,UK,2,0.6355140186915887,15.0,False,False,True,False,False,False,True,False,False,False,False,False,False,False,True,True,False,False,False,False,True,False
I3116,S1074,B2023,2025-08-07,2025-08-21,2025-08-25,0.6521739130434783,0.0,1.0,6,0.14606741573033707,0.6842105263157895,Civil,1,0,L516,5,0.16666666666666666,4.0,B,20,2022,7,0.820408163265306,0.825,Average,1,DayScholar,Hyderabad,AP,Book_23,Author_23,Oxford,6995891173.0,2.0,English,0.8555939819255819,36.0,1,Major,2023.0,373.0,USA,4,0.22429906542056074,7.5,False,False,False,False,False,False,True,True,False,False,False,False,False,True,False,True,False,True,False,True,False,True
I3117,S1117,B2096,2025-04-27,2025-05-11,2026-01-02,0.2608695652173913,2.0,0.3333333333333333,8,0.06741573033707865,0.2631578947368421,Mechanical,0,5,L517,1,0.3333333333333333,3.0,A,2,2022,8,0.5918367346938774,0.125,Poor,0,DayScholar,Rajahmundry,AP,Book_96,Author_96,Oxford,4145799403.0,4.0,Hindi,0.6453274095016913,12.0,1,Major,2022.0,776.0,USA,236,0.102803738317757,0.0423728813559322,False,False,False,False,False,False,False,False,False,False,True,False,False,False,True,False,True,True,False,False,False,False
I3118,S1008,B2049,2025-07-27,2025-08-10,2025-08-06,0.13043478260869565,1.0,0.6666666666666666,9,0.21348314606741572,0.3684210526315789,Math,0,1,L518,4,0.0,2.0,B,36,2023,4,0.2591836734693878,0.525,Poor,0,Hostel,Rajahmundry,AP,Book_49,Author_49,McGraw Hill,4245623414.0,5.0,Hindi,0.44243196849598626,40.0,0,Major,2020.0,510.0,India,0,0.2523364485981308,0.0,False,False,False,False,True,False,True,False,False,False,False,False,False,False,False,False,False,False,True,False,False,True
I3119,S1009,B2106,2025-09-15,2025-09-29,2025-09-27,0.21739130434782608,2.0,1.0,10,0.6067415730337079,0.10526315789473684,Mechanical,0,3,L519,3,0.5,2.0,A,24,2024,4,0.6224489795918365,0.425,Average,1,Hostel,Hyderabad,AP,Book_106,Author_106,Elsevier,3478132167.0,1.0,English,0.13810773968798903,42.0,1,Minor,2019.0,751.0,USA,0,0.5420560747663551,0.0,True,False,False,True,False,False,True,False,True,False,False,False,True,False,False,False,True,False,True,False,True,False
I3120,S1018,B2049,2025-08-16,2025-08-30,2026-01-02,0.21739130434782608,3.0,0.0,3,0.9887640449438202,0.3684210526315789,Mechanical,1,4,L520,2,0.3333333333333333,4.0,B,79,2022,7,0.5816326530612245,0.0,Excellent,0,Hostel,Vizag,AP,Book_49,Author_49,McGraw Hill,4245623414.0,5.0,Hindi,0.44243196849598626,40.0,0,Major,2020.0,510.0,India,125,0.8411214953271028,0.0,False,False,False,True,False,True,False,False,False,False,False,False,False,False,False,False,False,False,True,False,True,False
I3121,S1010,B2154,2025-12-19,2026-01-02,2026-01-02,0.6086956521739131,3.0,1.0,9,0.7752808988764045,0.21052631578947367,Science,1,4,L521,5,0.16666666666666666,3.0,A,28,2022,5,0.1734693877551021,0.725,Excellent,1,DayScholar,Vizag,AP,Book_154,Author_154,Springer,3250707755.0,3.0,Hindi,0.35163073660826977,27.0,0,Major,2020.0,765.0,India,0,0.6915887850467289,0.0,True,False,True,False,False,True,False,False,False,False,False,False,True,False,False,False,True,True,True,False,True,False
I3122,S1084,B2122,2025-07-18,2025-08-01,2026-01-02,0.5652173913043478,3.0,0.0,2,0.1797752808988764,0.5789473684210527,Mechanical,0,3,L522,2,0.6666666666666666,1.0,C,29,2024,6,0.09387755102040814,0.25,Excellent,0,DayScholar,Hyderabad,AP,Book_122,Author_122,Springer,1973600701.0,3.0,English,0.04925026505780782,11.0,0,Major,2018.0,315.0,India,154,0.19626168224299065,0.0,False,False,False,True,False,True,False,False,False,False,False,True,False,False,False,True,False,False,True,False,False,True
I3123,S1080,B2116,2025-05-23,2025-06-06,2025-06-02,0.043478260869565216,3.0,1.0,7,0.8651685393258427,0.2631578947368421,Mechanical,0,3,L523,4,1.0,2.0,C,66,2021,6,0.820408163265306,0.325,Good,1,DayScholar,Vizag,AP,Book_116,Author_116,McGraw Hill,9620718980.0,1.0,English,0.36872065431413137,33.0,1,Major,2021.0,733.0,UK,0,0.7570093457943925,0.0,False,False,False,False,True,False,True,False,False,False,False,False,True,False,True,True,False,True,True,False,False,False
I3124,S1030,B2133,2025-01-07,2025-01-21,2026-01-02,0.6521739130434783,3.0,1.0,8,0.6629213483146067,0.5789473684210527,Math,1,5,L524,5,0.5,2.0,B,13,2023,5,0.3387755102040816,0.7,Poor,0,DayScholar,Vijayawada,AP,Book_133,Author_133,Springer,8845090505.0,3.0,Hindi,0.06408088049679404,19.0,1,Major,2019.0,740.0,India,346,0.6542056074766355,0.08670520231213873,True,True,False,False,False,True,False,False,False,False,False,True,True,False,False,True,False,False,True,False,True,False
I3125,S1058,B2137,2025-03-16,2025-03-30,2025-04-02,0.6956521739130435,3.0,0.0,8,0.2247191011235955,0.8421052631578947,Science,0,3,L525,5,1.0,2.0,C,66,2024,4,0.1061224489795919,0.875,Good,1,DayScholar,Rajahmundry,AP,Book_137,Author_137,Elsevier,6147565440.0,5.0,English,0.32092189629928813,50.0,0,Minor,2018.0,139.0,USA,3,0.3364485981308411,0.0,True,True,False,False,False,False,True,False,False,False,True,False,False,False,True,True,False,True,True,False,True,True
I3126,S1100,B2093,2025-06-28,2025-07-12,2025-07-17,0.7391304347826086,3.0,0.3333333333333333,5,0.12359550561797752,0.05263157894736842,Programming,1,0,L526,2,0.6666666666666666,2.0,A,43,2023,8,0.4428571428571429,0.725,Excellent,1,Hostel,Rajahmundry,AP,Book_93,Author_93,Oxford,3294906878.0,4.0,Hindi,0.9343540162568789,14.0,0,Major,2019.0,229.0,India,5,0.08411214953271028,2.0,False,True,False,False,False,False,True,True,False,False,False,False,False,True,True,True,False,True,False,True,True,False
I3127,S1065,B2060,2025-09-13,2025-09-27,2025-09-24,0.08695652173913043,3.0,0.6666666666666666,6,0.21348314606741572,0.8947368421052632,Mechanical,1,0,L527,4,0.0,1.0,C,79,2021,2,0.36122448979591837,0.15,Excellent,1,DayScholar,Vijayawada,AP,Book_60,Author_60,McGraw Hill,9691852455.0,5.0,English,0.4047558943807744,49.0,1,Major,2021.0,489.0,UK,0,0.3177570093457944,0.0,True,False,True,False,False,True,True,False,False,False,False,False,False,False,True,False,False,False,True,False,True,False
I3128,S1005,B2031,2025-02-10,2025-02-24,2025-02-22,0.9565217391304348,2.0,1.0,4,0.7191011235955056,0.15789473684210525,Electronics,0,2,L528,3,0.8333333333333334,1.0,A,61,2022,1,0.27959183673469384,0.8,Excellent,1,DayScholar,Vijayawada,AP,Book_31,Author_31,Elsevier,6328994672.0,1.0,Hindi,0.6352552128035542,30.0,1,Major,2021.0,656.0,UK,0,0.5887850467289719,0.0,False,False,False,False,False,False,True,True,False,False,False,False,False,True,True,True,False,True,True,False,True,False
I3129,S1041,B2127,2025-09-14,2025-09-28,2025-10-02,0.43478260869565216,1.0,1.0,2,0.4943820224719101,0.8947368421052632,Math,0,0,L529,1,0.0,1.0,C,6,2021,4,0.01428571428571434,0.1,Average,1,DayScholar,Vijayawada,AP,Book_127,Author_127,McGraw Hill,1554012905.0,3.0,Hindi,0.6457944161155147,17.0,0,Major,2023.0,704.0,India,4,0.514018691588785,7.5,True,False,True,False,False,True,True,False,False,False,True,False,False,True,False,True,False,False,False,True,True,False
I3130,S1039,B2027,2025-03-27,2025-04-10,2025-04-08,0.0,1.0,1.0,4,0.4606741573033708,0.7894736842105263,Math,0,2,L530,4,1.0,3.0,C,64,2022,8,0.640816326530612,0.925,Poor,1,DayScholar,Vizag,AP,Book_27,Author_27,Oxford,1201461174.0,3.0,English,0.1919018528802948,28.0,1,Minor,2020.0,308.0,USA,0,0.48598130841121495,0.0,True,False,True,False,False,False,True,False,True,False,False,False,True,False,True,True,False,True,True,False,False,True
I3131,S1073,B2037,2025-08-03,2025-08-17,2025-08-23,0.8260869565217391,0.0,1.0,1,0.10112359550561797,0.2631578947368421,Math,0,2,L531,3,0.0,4.0,C,16,2024,5,0.34081632653061233,0.05,Excellent,0,DayScholar,Rajahmundry,AP,Book_37,Author_37,Oxford,1606140711.0,2.0,Telugu,0.9094259605190085,45.0,0,Major,2023.0,304.0,India,6,0.06542056074766354,5.0,True,False,False,True,False,True,True,False,False,False,False,True,False,True,True,False,False,False,True,False,True,True
I3132,S1178,B2015,2025-07-23,2025-08-06,2025-08-10,0.9565217391304348,2.0,0.3333333333333333,8,0.06741573033707865,0.7894736842105263,Science,1,4,L532,5,0.16666666666666666,4.0,A,55,2021,6,0.8816326530612245,0.65,Good,1,Hostel,Vijayawada,AP,Book_15,Author_15,Springer,9325872680.0,2.0,Hindi,0.841230373100419,27.0,1,Major,2022.0,606.0,USA,4,0.19626168224299065,2.5,True,True,False,False,False,True,True,False,False,False,False,True,False,True,True,True,False,True,True,False,True,False
I3133,S1160,B2069,2025-06-04,2025-06-18,2026-01-02,1.0,0.0,0.6666666666666666,2,0.4157303370786517,0.21052631578947367,Math,1,1,L533,1,0.16666666666666666,1.0,B,72,2021,5,0.5877551020408164,0.0,Excellent,0,DayScholar,Vijayawada,AP,Book_69,Author_69,Pearson,4600651694.0,5.0,English,1.0,37.0,1,Minor,2019.0,444.0,India,198,0.32710280373831774,0.10101010101010101,False,False,False,True,False,False,False,False,False,False,False,True,False,False,False,False,True,True,False,True,False,True
I3134,S1167,B2098,2025-09-08,2025-09-22,2025-09-18,0.7391304347826086,1.0,0.3333333333333333,4,0.7528089887640449,0.0,Civil,1,2,L534,4,0.3333333333333333,4.0,B,3,2022,8,0.35306122448979593,0.75,Poor,0,Hostel,Rajahmundry,AP,Book_98,Author_98,McGraw Hill,5211695949.0,3.0,Telugu,0.8179557732114908,1.0,1,Major,2020.0,228.0,USA,0,0.5887850467289719,0.0,True,False,False,False,True,True,True,False,True,False,False,False,False,False,False,False,False,False,False,True,False,True
I3135,S1026,B2056,2025-11-30,2025-12-14,2025-12-14,0.8260869565217391,1.0,0.6666666666666666,4,0.9438202247191011,0.3684210526315789,Science,0,3,L535,2,0.5,2.0,C,11,2023,5,0.38571428571428573,0.075,Excellent,1,DayScholar,Vijayawada,AP,Book_56,Author_56,Pearson,3421855792.0,2.0,Telugu,0.9917579643560358,32.0,1,Major,2021.0,700.0,India,0,0.8130841121495327,0.0,True,False,False,True,False,True,True,False,True,False,False,False,True,False,True,False,True,True,False,False,False,True
I3136,S1051,B2018,2025-07-03,2025-07-17,2025-07-13,0.4782608695652174,3.0,1.0,2,0.02247191011235955,0.8947368421052632,Programming,0,4,L536,2,0.16666666666666666,3.0,A,49,2024,7,0.19183673469387758,0.6,Good,0,Hostel,Vizag,AP,Book_18,Author_18,Springer,6179368807.0,4.0,Telugu,0.5688266774372697,31.0,0,Minor,2022.0,725.0,USA,0,0.12149532710280374,0.0,False,True,False,False,False,False,True,True,False,False,False,False,True,False,False,True,False,False,False,False,True,True
I3137,S1119,B2005,2025-10-26,2025-11-09,2026-01-02,0.08695652173913043,2.0,1.0,4,0.5056179775280899,0.2631578947368421,Programming,1,2,L537,3,1.0,3.0,A,49,2022,7,0.22653061224489796,0.15,Excellent,1,Hostel,Vijayawada,AP,Book_5,Author_5,McGraw Hill,5961857822.0,2.0,Hindi,0.39162922199222494,29.0,0,Major,2019.0,733.0,USA,54,0.42990654205607476,0.5555555555555556,False,False,False,True,False,True,False,False,True,False,False,False,True,False,False,True,False,True,False,False,False,True
I3138,S1080,B2120,2025-02-20,2025-03-06,2026-01-02,0.43478260869565216,3.0,0.0,6,0.39325842696629215,0.6842105263157895,Electronics,1,4,L538,3,1.0,2.0,C,66,2021,6,0.820408163265306,0.325,Good,1,DayScholar,Vizag,AP,Book_120,Author_120,Elsevier,1774107871.0,4.0,English,0.7382617256525471,3.0,1,Major,2021.0,632.0,USA,302,0.42990654205607476,0.0,False,False,False,False,True,False,False,False,True,False,False,False,True,False,True,True,False,True,True,False,False,False
I3139,S1052,B2112,2025-11-01,2025-11-15,2026-01-02,0.8695652173913043,0.0,0.3333333333333333,8,0.2696629213483146,0.7368421052631579,Programming,1,0,L539,2,0.8333333333333334,1.0,A,66,2023,2,1.0,0.375,Average,0,Hostel,Vijayawada,AP,Book_112,Author_112,Pearson,8920008448.0,5.0,English,0.7799136668854445,20.0,0,Major,2023.0,273.0,USA,48,0.35514018691588783,0.20833333333333334,False,False,False,True,False,True,False,False,False,False,False,False,False,False,False,False,False,True,False,True,True,True
I3140,S1028,B2081,2025-01-20,2025-02-03,2025-02-05,0.5217391304347826,3.0,1.0,9,1.0,0.8947368421052632,Civil,0,4,L540,5,0.6666666666666666,4.0,C,8,2024,6,0.9632653061224487,0.6,Average,1,Hostel,Hyderabad,AP,Book_81,Author_81,Elsevier,3834498624.0,2.0,Hindi,0.6748371787751805,10.0,0,Major,2024.0,623.0,USA,2,1.0,15.0,False,False,False,True,False,True,True,False,True,False,False,False,True,False,True,False,False,False,False,True,True,False
I3141,S1161,B2147,2025-07-05,2025-07-19,2025-07-24,0.043478260869565216,0.0,0.6666666666666666,3,0.4606741573033708,0.7894736842105263,Science,1,1,L541,4,0.0,1.0,A,48,2021,2,0.024489795918367363,0.525,Poor,0,Hostel,Rajahmundry,AP,Book_147,Author_147,Oxford,8866589565.0,5.0,Telugu,0.0763871358610592,42.0,0,Major,2019.0,346.0,India,5,0.4766355140186916,4.0,False,False,False,False,True,True,True,True,False,False,False,False,False,False,False,False,False,False,True,False,False,True
I3142,S1108,B2103,2025-05-30,2025-06-13,2025-06-09,0.6521739130434783,3.0,0.3333333333333333,8,0.8876404494382022,1.0,Math,1,3,L542,4,0.3333333333333333,4.0,C,49,2024,2,0.8102040816326528,0.15,Good,1,DayScholar,Vizag,AP,Book_103,Author_103,Pearson,3795169605.0,4.0,Telugu,0.37262079062957537,7.0,1,Minor,2019.0,506.0,India,0,0.9158878504672897,0.0,False,False,False,False,False,True,True,False,False,False,False,True,False,True,True,False,True,False,False,True,True,True
I3143,S1138,B2050,2025-12-12,2025-12-26,2026-01-01,0.5217391304347826,1.0,1.0,5,0.7865168539325843,0.8947368421052632,Mechanical,0,4,L543,4,0.0,4.0,A,44,2023,2,0.5224489795918367,0.225,Good,1,DayScholar,Vijayawada,AP,Book_50,Author_50,McGraw Hill,2441876174.0,3.0,Telugu,0.4445019437572575,7.0,0,Major,2022.0,674.0,USA,6,0.7850467289719626,5.0,False,False,False,True,False,False,True,False,False,False,False,True,False,False,False,False,False,True,False,False,False,False
I3144,S1110,B2056,2025-01-11,2025-01-25,2025-01-31,0.6956521739130435,3.0,0.0,3,0.39325842696629215,0.9473684210526315,Programming,0,2,L544,4,0.6666666666666666,2.0,C,53,2021,3,0.7285714285714286,0.95,Good,0,Hostel,Vijayawada,AP,Book_56,Author_56,Pearson,3421855792.0,2.0,Telugu,0.9917579643560358,32.0,1,Major,2021.0,700.0,India,6,0.4485981308411215,0.0,True,False,True,False,False,True,True,False,True,False,False,False,True,False,True,False,True,True,False,False,True,False
I3145,S1142,B2103,2025-10-21,2025-11-04,2025-10-31,0.9130434782608695,2.0,0.6666666666666666,1,0.7303370786516854,0.15789473684210525,Civil,1,1,L545,2,0.3333333333333333,1.0,C,14,2023,4,0.9102040816326529,0.45,Average,1,DayScholar,Hyderabad,AP,Book_103,Author_103,Pearson,3795169605.0,4.0,Telugu,0.37262079062957537,7.0,1,Minor,2019.0,506.0,India,0,0.5700934579439252,0.0,True,False,False,True,False,True,True,False,False,False,False,True,False,True,True,False,True,False,False,True,True,False
I3146,S1124,B2067,2025-10-21,2025-11-04,2026-01-02,0.4782608695652174,1.0,0.3333333333333333,5,0.6292134831460674,0.6842105263157895,Mechanical,0,2,L546,1,0.8333333333333334,1.0,C,4,2022,7,0.8857142857142857,0.15,Average,1,DayScholar,Hyderabad,AP,Book_67,Author_67,Oxford,3453064736.0,2.0,Hindi,0.531339930327662,41.0,1,Major,2020.0,223.0,India,59,0.616822429906542,0.1694915254237288,False,False,True,False,False,True,False,False,True,False,False,False,False,True,True,True,False,False,False,True,True,True
I3147,S1144,B2080,2025-07-03,2025-07-17,2026-01-02,0.0,0.0,0.0,6,0.06741573033707865,0.2631578947368421,Science,1,4,L547,1,0.16666666666666666,2.0,A,15,2021,2,0.8734693877551019,0.6,Excellent,0,DayScholar,Rajahmundry,AP,Book_80,Author_80,Oxford,6381925761.0,2.0,Hindi,0.9071540364517595,16.0,0,Minor,2020.0,251.0,India,169,0.08411214953271028,0.0,True,False,False,False,False,True,False,False,False,False,False,False,True,False,True,False,True,True,False,True,False,True
I3148,S1124,B2103,2025-05-31,2025-06-14,2025-06-16,0.30434782608695654,3.0,1.0,4,0.6179775280898876,0.5263157894736842,Programming,0,3,L548,3,0.8333333333333334,1.0,C,4,2022,7,0.8857142857142857,0.15,Average,1,DayScholar,Hyderabad,AP,Book_103,Author_103,Pearson,3795169605.0,4.0,Telugu,0.37262079062957537,7.0,1,Minor,2019.0,506.0,India,2,0.5700934579439252,15.0,False,False,True,False,False,True,True,False,False,False,False,True,False,True,True,False,True,False,False,True,False,False
I3149,S1045,B2151,2025-04-16,2025-04-30,2025-05-04,1.0,0.0,0.0,6,0.9550561797752809,0.0,Mechanical,1,5,L549,3,0.3333333333333333,1.0,C,7,2022,4,0.16326530612244908,0.725,Good,0,DayScholar,Vijayawada,AP,Book_151,Author_151,Elsevier,4748273846.0,4.0,Telugu,0.062212854041500475,40.0,1,Major,2018.0,149.0,USA,4,0.7757009345794392,0.0,False,False,False,False,False,True,True,False,False,False,False,False,True,False,True,True,False,True,False,True,True,True
I3150,S1150,B2025,2025-11-10,2025-11-24,2026-01-02,0.2608695652173913,3.0,0.6666666666666666,7,0.9775280898876404,0.8947368421052632,Math,1,4,L550,4,0.6666666666666666,4.0,A,14,2022,3,0.7693877551020407,0.375,Good,0,DayScholar,Vijayawada,AP,Book_25,Author_25,Elsevier,9695455182.0,3.0,Telugu,0.0978441964961882,8.0,0,Major,2019.0,413.0,UK,39,0.9626168224299065,0.5128205128205128,False,False,True,False,False,False,False,False,False,False,False,False,False,False,False,False,True,True,False,True,True,False
I3151,S1097,B2133,2025-10-05,2025-10-19,2026-01-02,0.043478260869565216,1.0,1.0,8,0.6741573033707865,0.5263157894736842,Mechanical,0,4,L551,1,0.16666666666666666,2.0,B,46,2024,7,0.5224489795918367,0.025,Average,1,Hostel,Rajahmundry,AP,Book_133,Author_133,Springer,8845090505.0,3.0,Hindi,0.06408088049679404,19.0,1,Major,2019.0,740.0,India,75,0.6542056074766355,0.4,False,False,False,True,False,False,False,False,False,False,False,True,True,False,False,True,False,False,True,False,True,False
I3152,S1061,B2074,2025-09-04,2025-09-18,2025-09-18,0.8260869565217391,1.0,0.3333333333333333,10,0.07865168539325842,0.9473684210526315,Science,1,2,L552,3,0.0,1.0,A,12,2024,1,0.857142857142857,0.8,Average,1,DayScholar,Vizag,AP,Book_74,Author_74,Elsevier,1111926410.0,5.0,Hindi,0.12171202100267584,46.0,0,Major,2024.0,308.0,UK,0,0.2523364485981308,0.0,True,False,False,True,False,False,True,False,False,False,False,False,True,False,True,False,True,False,False,True,False,True
I3153,S1028,B2101,2025-01-06,2025-01-20,2025-01-20,0.6521739130434783,1.0,0.3333333333333333,9,0.9775280898876404,0.6842105263157895,Mechanical,0,2,L553,2,0.6666666666666666,4.0,C,8,2024,6,0.9632653061224487,0.6,Average,1,Hostel,Hyderabad,AP,Book_101,Author_101,Oxford,9692950124.0,4.0,Telugu,0.9320947139900035,13.0,0,Major,2018.0,783.0,India,0,0.9439252336448598,0.0,False,False,False,True,False,True,True,True,False,False,False,False,False,False,True,False,False,False,True,False,False,True
I3154,S1015,B2083,2025-05-25,2025-06-08,2025-06-12,0.8695652173913043,2.0,0.6666666666666666,10,0.3595505617977528,0.3684210526315789,Science,1,5,L554,1,0.6666666666666666,2.0,A,34,2023,1,0.40204081632653066,0.825,Good,1,Hostel,Vijayawada,AP,Book_83,Author_83,McGraw Hill,2712482556.0,5.0,Telugu,0.28116322512243147,46.0,1,Major,2020.0,106.0,India,4,0.38317757009345793,5.0,False,False,True,False,False,False,True,False,False,False,False,True,True,False,False,False,False,True,False,True,False,True
I3155,S1058,B2013,2025-10-08,2025-10-22,2025-10-23,1.0,2.0,0.0,8,0.19101123595505617,0.8421052631578947,Science,1,5,L555,5,1.0,2.0,C,66,2024,4,0.1061224489795919,0.875,Good,1,DayScholar,Rajahmundry,AP,Book_13,Author_13,Oxford,1476579945.0,1.0,Hindi,0.3869465340536174,27.0,0,Major,2020.0,304.0,USA,1,0.308411214953271,0.0,True,True,False,False,False,False,True,False,True,False,False,False,True,False,False,False,True,False,False,False,False,False
I3156,S1009,B2156,2025-11-07,2025-11-21,2026-01-02,1.0,2.0,0.6666666666666666,10,0.4157303370786517,0.8947368421052632,Civil,0,2,L556,1,0.5,2.0,A,24,2024,4,0.6224489795918365,0.425,Average,1,Hostel,Hyderabad,AP,Book_156,Author_156,Pearson,1688685850.0,2.0,Telugu,0.4288887766951077,14.0,1,Major,2019.0,232.0,UK,42,0.5233644859813084,0.47619047619047616,True,False,False,True,False,False,False,False,False,False,False,True,False,False,True,False,False,False,False,False,True,False
I3157,S1024,B2132,2025-03-07,2025-03-21,2025-03-27,0.2608695652173913,2.0,0.3333333333333333,9,0.4044943820224719,0.6842105263157895,Electronics,1,4,L557,5,0.3333333333333333,2.0,B,55,2024,7,0.30816326530612254,0.325,Poor,0,DayScholar,Vijayawada,AP,Book_132,Author_132,Oxford,4897662039.0,2.0,Telugu,0.3799035694451457,2.0,1,Major,2021.0,684.0,UK,6,0.4672897196261682,1.6666666666666667,False,False,False,True,False,True,True,False,True,False,False,False,True,False,False,False,False,True,False,False,False,True
I3158,S1079,B2032,2025-06-10,2025-06-24,2026-01-02,0.2608695652173913,2.0,0.6666666666666666,9,0.449438202247191,0.5789473684210527,Math,0,2,L558,4,0.5,1.0,B,39,2023,7,0.6530612244897958,0.025,Average,1,DayScholar,Rajahmundry,AP,Book_32,Author_32,Elsevier,7313003256.0,2.0,Telugu,0.4827586206896552,46.0,1,Major,2018.0,485.0,India,192,0.48598130841121495,0.10416666666666667,False,True,False,False,False,False,False,True,False,False,False,False,False,True,False,True,False,False,True,False,False,False
I3159,S1000,B2072,2025-01-23,2025-02-06,2025-02-03,0.5652173913043478,1.0,1.0,5,0.8876404494382022,0.15789473684210525,Science,0,5,L559,3,0.0,2.0,C,26,2024,6,0.3387755102040816,0.4,Average,0,DayScholar,Hyderabad,AP,Book_72,Author_72,Pearson,1077243887.0,1.0,English,0.5848184985106276,9.0,0,Major,2022.0,726.0,USA,0,0.7383177570093458,0.0,False,False,True,False,False,True,True,False,False,False,False,True,False,True,False,False,False,False,False,False,True,False
I3160,S1076,B2110,2025-05-17,2025-05-31,2025-06-01,0.5652173913043478,2.0,0.3333333333333333,2,0.797752808988764,0.05263157894736842,Civil,0,1,L560,3,0.8333333333333334,2.0,A,48,2021,7,0.6591836734693874,0.0,Average,0,Hostel,Vijayawada,AP,Book_110,Author_110,Springer,5589998239.0,2.0,Hindi,0.9773817337304994,31.0,1,Minor,2023.0,455.0,India,1,0.616822429906542,10.0,False,False,False,False,False,True,True,False,True,False,False,False,True,False,True,False,True,True,False,False,True,True
I3161,S1061,B2065,2025-03-15,2025-03-29,2025-04-03,0.5217391304347826,1.0,0.0,8,0.5730337078651685,0.7368421052631579,Programming,1,0,L561,4,0.0,1.0,A,12,2024,1,0.857142857142857,0.8,Average,1,DayScholar,Vizag,AP,Book_65,Author_65,Elsevier,9780252713.0,2.0,English,0.8124400464482253,25.0,0,Minor,2023.0,480.0,India,5,0.6074766355140186,0.0,True,False,False,True,False,False,True,False,False,True,False,False,False,False,True,True,False,False,False,True,True,True
I3162,S1117,B2132,2025-07-18,2025-08-01,2025-08-04,0.5652173913043478,3.0,0.3333333333333333,8,0.6629213483146067,0.5789473684210527,Science,1,4,L562,3,0.3333333333333333,3.0,A,2,2022,8,0.5918367346938774,0.125,Poor,0,DayScholar,Rajahmundry,AP,Book_132,Author_132,Oxford,4897662039.0,2.0,Telugu,0.3799035694451457,2.0,1,Major,2021.0,684.0,UK,3,0.6542056074766355,3.3333333333333335,False,False,False,False,False,False,True,False,True,False,False,False,True,False,False,False,False,True,False,False,False,True
I3163,S1072,B2081,2025-07-18,2025-08-01,2025-08-07,0.2608695652173913,1.0,1.0,2,0.0449438202247191,1.0,Math,0,3,L563,4,0.5,2.0,B,59,2023,5,0.41428571428571426,0.75,Average,1,DayScholar,Vizag,AP,Book_81,Author_81,Elsevier,3834498624.0,2.0,Hindi,0.6748371787751805,10.0,0,Major,2024.0,623.0,USA,6,0.1588785046728972,5.0,True,False,False,True,False,True,True,False,True,False,False,False,True,False,True,False,False,False,False,True,False,False
I3164,S1071,B2138,2025-09-06,2025-09-20,2026-01-02,1.0,1.0,0.6666666666666666,3,0.39325842696629215,0.7368421052631579,Electronics,0,3,L564,2,0.8333333333333334,3.0,A,55,2024,6,0.5959183673469388,0.925,Good,0,Hostel,Hyderabad,AP,Book_138,Author_138,Elsevier,7271175562.0,4.0,Telugu,0.06161962942394102,1.0,0,Major,2020.0,472.0,India,104,0.411214953271028,0.19230769230769232,True,False,True,False,False,False,False,False,False,False,True,False,False,False,True,True,False,False,True,False,True,True
I3165,S1147,B2025,2025-01-31,2025-02-14,2025-02-19,0.13043478260869565,3.0,0.0,7,0.48314606741573035,0.5789473684210527,Electronics,1,1,L565,4,0.16666666666666666,3.0,C,34,2023,6,0.5775510204081631,0.675,Excellent,0,Hostel,Vizag,AP,Book_25,Author_25,Elsevier,9695455182.0,3.0,Telugu,0.0978441964961882,8.0,0,Major,2019.0,413.0,UK,5,0.4953271028037383,0.0,False,False,False,True,False,True,True,False,False,False,False,False,False,False,False,False,True,True,False,True,False,True
I3166,S1025,B2149,2025-02-05,2025-02-19,2025-02-20,0.8260869565217391,2.0,0.6666666666666666,2,0.5730337078651685,0.3157894736842105,Science,1,3,L566,4,0.5,3.0,A,7,2022,4,0.5612244897959182,0.825,Good,1,DayScholar,Vizag,AP,Book_149,Author_149,Oxford,7761986651.0,5.0,Hindi,0.6984147018730752,38.0,1,Major,2021.0,100.0,UK,1,0.4766355140186916,20.0,True,False,False,False,True,False,True,False,False,True,False,False,False,True,True,False,False,False,True,False,False,True
I3167,S1037,B2038,2025-09-09,2025-09-23,2025-09-23,0.391304347826087,2.0,1.0,9,0.449438202247191,0.631578947368421,Electronics,1,2,L567,3,0.5,4.0,B,53,2023,2,0.7938775510204079,0.75,Good,1,Hostel,Hyderabad,AP,Book_38,Author_38,McGraw Hill,8353939742.0,4.0,English,0.17885091129398697,10.0,1,Major,2022.0,484.0,UK,0,0.4953271028037383,0.0,False,False,False,False,True,False,True,False,False,False,False,False,False,True,False,False,False,True,False,True,False,False
I3168,S1154,B2081,2025-02-02,2025-02-16,2025-02-18,0.13043478260869565,2.0,0.6666666666666666,8,0.30337078651685395,0.8421052631578947,Science,0,4,L568,3,1.0,2.0,B,55,2022,3,0.9959183673469385,0.175,Good,1,Hostel,Vijayawada,AP,Book_81,Author_81,Elsevier,3834498624.0,2.0,Hindi,0.6748371787751805,10.0,0,Major,2024.0,623.0,USA,2,0.40186915887850466,10.0,True,False,False,False,True,True,True,False,True,False,False,False,True,False,True,False,False,False,False,True,False,False
I3169,S1124,B2004,2025-04-17,2025-05-01,2025-05-02,0.43478260869565216,3.0,0.3333333333333333,9,0.0898876404494382,0.5789473684210527,Civil,1,5,L569,5,0.8333333333333334,1.0,C,4,2022,7,0.8857142857142857,0.15,Average,1,DayScholar,Hyderabad,AP,Book_4,Author_4,McGraw Hill,7435642985.0,5.0,Hindi,0.041576210430655826,50.0,1,Major,2024.0,433.0,USA,1,0.18691588785046728,10.0,False,False,True,False,False,True,True,True,False,False,False,False,False,True,True,False,True,False,True,False,True,False
I3170,S1113,B2096,2025-06-05,2025-06-19,2026-01-02,0.391304347826087,2.0,0.0,3,0.9775280898876404,0.2631578947368421,Programming,0,3,L570,4,0.0,1.0,A,74,2023,4,0.47959183673469385,0.675,Excellent,1,Hostel,Rajahmundry,AP,Book_96,Author_96,Oxford,4145799403.0,4.0,Hindi,0.6453274095016913,12.0,1,Major,2022.0,776.0,USA,197,0.8130841121495327,0.0,False,False,False,False,False,False,False,False,False,False,True,False,False,False,True,False,True,True,False,False,True,False
I3171,S1076,B2139,2025-10-24,2025-11-07,2025-11-09,0.7391304347826086,0.0,0.6666666666666666,2,0.651685393258427,0.3684210526315789,Electronics,1,1,L571,4,0.8333333333333334,2.0,A,48,2021,7,0.6591836734693874,0.0,Average,0,Hostel,Vijayawada,AP,Book_139,Author_139,McGraw Hill,7593006741.0,2.0,Hindi,0.008494471651436348,44.0,1,Minor,2021.0,149.0,USA,2,0.5514018691588785,10.0,False,False,False,False,False,True,True,False,False,False,False,False,True,False,True,False,False,False,True,False,True,True
I3172,S1169,B2112,2025-09-04,2025-09-18,2026-01-02,0.6086956521739131,1.0,0.0,8,0.38202247191011235,1.0,Mechanical,0,1,L572,4,0.0,1.0,C,22,2021,8,0.6061224489795917,0.4,Poor,1,DayScholar,Vizag,AP,Book_112,Author_112,Pearson,8920008448.0,5.0,English,0.7799136668854445,20.0,0,Major,2023.0,273.0,USA,106,0.4953271028037383,0.0,False,False,False,False,True,False,False,False,False,False,False,False,False,False,False,False,False,True,False,True,False,False
I3173,S1115,B2099,2025-08-19,2025-09-02,2025-08-31,0.7391304347826086,0.0,0.3333333333333333,5,0.38202247191011235,0.21052631578947367,Programming,1,4,L573,1,0.6666666666666666,4.0,A,74,2023,7,0.993877551020408,0.7,Excellent,0,DayScholar,Rajahmundry,AP,Book_99,Author_99,Elsevier,9263001342.0,4.0,English,0.8784394406018075,6.0,1,Major,2020.0,296.0,UK,0,0.32710280373831774,0.0,False,False,False,True,False,True,True,False,True,False,False,False,False,True,False,True,False,False,False,False,True,True
I3174,S1179,B2027,2025-10-05,2025-10-19,2025-10-17,0.6086956521739131,0.0,1.0,10,0.8426966292134831,0.6842105263157895,Programming,1,5,L574,2,1.0,3.0,A,60,2021,7,0.2244897959183674,0.65,Good,0,DayScholar,Hyderabad,AP,Book_27,Author_27,Oxford,1201461174.0,3.0,English,0.1919018528802948,28.0,1,Minor,2020.0,308.0,USA,0,0.8411214953271028,0.0,True,False,True,False,False,True,True,False,True,False,False,False,True,False,True,True,False,True,True,False,True,True
I3175,S1038,B2155,2025-04-14,2025-04-28,2026-01-02,0.6521739130434783,1.0,1.0,4,0.7865168539325843,0.21052631578947367,Civil,1,1,L575,1,0.3333333333333333,1.0,A,13,2022,7,0.7489795918367347,0.425,Average,1,DayScholar,Rajahmundry,AP,Book_155,Author_155,McGraw Hill,7507571699.0,3.0,Hindi,0.19042510223658304,33.0,1,Major,2018.0,391.0,India,249,0.6542056074766355,0.12048192771084337,False,False,False,False,False,True,False,False,True,False,False,False,False,False,False,False,False,False,False,False,True,False
I3176,S1095,B2093,2025-07-16,2025-07-30,2025-07-26,0.9565217391304348,1.0,0.3333333333333333,2,0.5730337078651685,0.631578947368421,Science,1,2,L576,5,0.3333333333333333,2.0,A,20,2023,3,0.6,0.35,Average,0,Hostel,Rajahmundry,AP,Book_93,Author_93,Oxford,3294906878.0,4.0,Hindi,0.9343540162568789,14.0,0,Major,2019.0,229.0,India,0,0.5327102803738317,0.0,True,False,False,False,True,True,True,True,False,False,False,False,False,True,True,True,False,True,False,True,True,False
I3177,S1103,B2017,2025-06-30,2025-07-14,2026-01-02,0.7391304347826086,3.0,1.0,5,0.2696629213483146,0.47368421052631576,Civil,1,2,L577,4,0.0,4.0,B,33,2021,3,0.39387755102040817,0.625,Poor,0,DayScholar,Vizag,AP,Book_17,Author_17,Pearson,5893993062.0,1.0,Telugu,0.3412177513000454,3.0,1,Major,2022.0,512.0,India,172,0.2803738317757009,0.1744186046511628,True,False,False,False,False,False,False,False,False,False,False,True,False,False,True,False,True,True,True,False,True,False
I3178,S1044,B2086,2025-02-18,2025-03-04,2025-03-04,0.6521739130434783,2.0,0.6666666666666666,2,0.9101123595505618,0.6842105263157895,Science,0,1,L578,1,0.0,4.0,B,56,2021,5,0.5122448979591837,0.7,Average,1,DayScholar,Vijayawada,AP,Book_86,Author_86,Elsevier,2432244638.0,1.0,Telugu,0.4564295451103146,24.0,1,Major,2021.0,797.0,USA,0,0.822429906542056,0.0,True,False,False,True,False,False,True,False,False,False,False,True,False,True,False,False,False,False,False,False,True,True
I3179,S1104,B2047,2025-05-09,2025-05-23,2026-01-02,0.13043478260869565,3.0,0.6666666666666666,6,0.3595505617977528,0.15789473684210525,Mechanical,1,2,L579,2,0.3333333333333333,4.0,B,12,2022,4,0.336734693877551,0.175,Poor,1,DayScholar,Vijayawada,AP,Book_47,Author_47,Oxford,5938669432.0,4.0,English,0.15202958550007573,49.0,0,Major,2018.0,302.0,India,224,0.308411214953271,0.08928571428571429,True,True,False,False,False,False,False,False,False,True,False,False,True,False,True,True,False,True,True,False,True,True
I3180,S1094,B2085,2025-02-22,2025-03-08,2025-03-05,0.5652173913043478,1.0,0.0,2,0.2808988764044944,0.7894736842105263,Civil,0,0,L580,1,0.6666666666666666,4.0,C,61,2023,3,0.17142857142857154,0.175,Poor,1,DayScholar,Vizag,AP,Book_85,Author_85,Springer,5317370365.0,1.0,Telugu,0.19417377694754379,46.0,1,Minor,2019.0,487.0,UK,0,0.3177570093457944,0.0,False,False,False,True,False,True,True,False,True,False,False,False,False,False,True,False,True,False,False,False,True,False
I3181,S1159,B2067,2025-03-09,2025-03-23,2025-03-23,0.043478260869565216,2.0,1.0,8,0.25842696629213485,0.3684210526315789,Civil,1,3,L581,2,1.0,1.0,A,36,2023,8,0.6551020408163264,0.775,Poor,0,Hostel,Hyderabad,AP,Book_67,Author_67,Oxford,3453064736.0,2.0,Hindi,0.531339930327662,41.0,1,Major,2020.0,223.0,India,0,0.2803738317757009,0.0,True,False,False,False,True,False,True,False,True,False,False,False,False,True,True,True,False,False,False,True,False,True
I3182,S1151,B2021,2025-09-30,2025-10-14,2025-10-20,0.5652173913043478,1.0,0.0,1,0.1797752808988764,0.47368421052631576,Math,1,2,L582,4,0.6666666666666666,4.0,B,52,2022,5,0.33265306122448984,0.725,Good,0,DayScholar,Hyderabad,AP,Book_21,Author_21,Pearson,9538108318.0,1.0,Telugu,0.8716236684000606,28.0,0,Minor,2018.0,749.0,USA,6,0.16822429906542055,0.0,True,False,False,True,False,True,True,False,False,False,False,True,True,False,False,True,False,True,False,False,True,False
I3183,S1117,B2123,2025-12-22,2026-01-05,2026-01-08,0.13043478260869565,1.0,0.3333333333333333,8,0.19101123595505617,0.21052631578947367,Mechanical,1,4,L583,3,0.3333333333333333,3.0,A,2,2022,8,0.5918367346938774,0.125,Poor,0,DayScholar,Rajahmundry,AP,Book_123,Author_123,Oxford,6179368807.0,1.0,Hindi,0.6744080375624778,34.0,0,Major,2018.0,333.0,UK,3,0.19626168224299065,3.3333333333333335,False,False,False,False,False,False,True,False,False,False,False,False,True,False,False,True,False,True,False,True,False,False
I3184,S1155,B2050,2025-07-02,2025-07-16,2025-07-17,0.8260869565217391,1.0,1.0,9,0.7528089887640449,0.3157894736842105,Mechanical,0,0,L584,1,0.16666666666666666,1.0,B,62,2022,7,0.763265306122449,0.95,Poor,0,Hostel,Vizag,AP,Book_50,Author_50,McGraw Hill,2441876174.0,3.0,Telugu,0.4445019437572575,7.0,0,Major,2022.0,674.0,USA,1,0.6915887850467289,30.0,False,False,False,False,True,False,True,False,False,False,False,True,False,False,False,False,False,True,False,False,True,True
I3185,S1017,B2011,2025-01-19,2025-02-02,2025-02-06,1.0,0.0,1.0,7,0.9662921348314607,0.0,Science,0,1,L585,1,0.5,4.0,B,72,2022,3,0.9102040816326529,0.125,Poor,1,DayScholar,Vizag,AP,Book_11,Author_11,Springer,6634271326.0,1.0,Hindi,0.26111980612914626,7.0,0,Major,2021.0,612.0,India,4,0.794392523364486,7.5,True,True,False,False,False,True,True,False,False,False,False,False,True,False,False,True,False,False,False,True,False,False
I3186,S1107,B2047,2025-09-01,2025-09-15,2025-09-12,0.782608695652174,0.0,0.0,5,0.02247191011235955,0.6842105263157895,Science,0,4,L586,4,0.16666666666666666,1.0,A,14,2021,7,0.8040816326530611,0.575,Poor,1,Hostel,Vijayawada,AP,Book_47,Author_47,Oxford,5938669432.0,4.0,English,0.15202958550007573,49.0,0,Major,2018.0,302.0,India,0,0.11214953271028037,0.0,True,False,False,False,False,False,True,False,False,True,False,False,True,False,True,True,False,True,True,False,True,False
I3187,S1055,B2106,2025-11-21,2025-12-05,2026-01-02,0.6086956521739131,2.0,0.6666666666666666,5,0.06741573033707865,0.7894736842105263,Electronics,1,3,L587,4,0.0,2.0,C,47,2021,1,0.7469387755102042,0.425,Excellent,0,DayScholar,Hyderabad,AP,Book_106,Author_106,Elsevier,3478132167.0,1.0,English,0.13810773968798903,42.0,1,Minor,2019.0,751.0,USA,28,0.16822429906542055,0.7142857142857143,False,False,False,True,False,True,False,False,True,False,False,False,True,False,False,False,True,False,True,False,False,True
I3188,S1035,B2057,2025-08-08,2025-08-22,2026-01-02,0.34782608695652173,3.0,0.0,2,0.16853932584269662,0.6842105263157895,Science,1,2,L588,3,0.16666666666666666,4.0,A,73,2021,8,0.2081632653061225,0.875,Excellent,1,DayScholar,Hyderabad,AP,Book_57,Author_57,McGraw Hill,9705838512.0,2.0,Hindi,0.17828293027717473,44.0,1,Minor,2018.0,495.0,USA,133,0.205607476635514,0.0,True,False,True,False,False,True,False,False,False,True,False,False,False,False,True,True,False,False,False,True,False,False
I3189,S1144,B2083,2025-11-27,2025-12-11,2026-01-02,0.043478260869565216,0.0,0.6666666666666666,3,0.7078651685393258,0.2631578947368421,Science,1,4,L589,5,0.16666666666666666,2.0,A,15,2021,2,0.8734693877551019,0.6,Excellent,0,DayScholar,Rajahmundry,AP,Book_83,Author_83,McGraw Hill,2712482556.0,5.0,Telugu,0.28116322512243147,46.0,1,Major,2020.0,106.0,India,22,0.5887850467289719,0.9090909090909091,True,False,False,False,False,True,False,False,False,False,False,True,True,False,False,False,False,True,False,True,False,False
I3190,S1147,B2044,2025-02-05,2025-02-19,2025-02-22,0.9565217391304348,0.0,0.3333333333333333,4,0.9438202247191011,0.7894736842105263,Science,0,2,L590,4,0.16666666666666666,3.0,C,34,2023,6,0.5775510204081631,0.675,Excellent,0,Hostel,Vizag,AP,Book_44,Author_44,Elsevier,4874631168.0,2.0,Hindi,0.30913313475034077,21.0,0,Minor,2023.0,233.0,UK,3,0.8878504672897196,3.3333333333333335,False,False,False,True,False,True,True,False,False,False,False,True,True,False,True,False,False,True,True,False,True,False
I3191,S1140,B2029,2025-06-11,2025-06-25,2025-06-25,0.0,2.0,0.6666666666666666,8,0.449438202247191,0.21052631578947367,Science,0,0,L591,4,0.5,4.0,A,68,2024,5,0.720408163265306,0.9,Poor,1,Hostel,Rajahmundry,AP,Book_29,Author_29,Elsevier,8596019555.0,4.0,English,0.7315216842530418,34.0,0,Minor,2022.0,546.0,UK,0,0.411214953271028,0.0,False,False,False,False,True,False,True,False,False,True,False,False,False,True,True,False,True,False,False,False,False,True
I3192,S1089,B2150,2025-01-26,2025-02-09,2025-02-12,1.0,2.0,0.6666666666666666,3,0.0449438202247191,0.8421052631578947,Civil,0,5,L592,2,0.6666666666666666,1.0,A,61,2022,6,0.7326530612244898,0.875,Excellent,0,Hostel,Rajahmundry,AP,Book_150,Author_150,Oxford,7869384197.0,4.0,Hindi,0.9657949209875296,6.0,0,Major,2018.0,584.0,India,3,0.14018691588785046,6.666666666666667,True,False,False,True,False,True,True,False,True,False,False,False,False,False,True,False,False,False,True,False,True,False
I3193,S1026,B2063,2025-01-23,2025-02-06,2025-02-08,0.5217391304347826,1.0,0.3333333333333333,1,0.8876404494382022,0.7894736842105263,Electronics,1,5,L593,1,0.5,2.0,C,11,2023,5,0.38571428571428573,0.075,Excellent,1,DayScholar,Vijayawada,AP,Book_63,Author_63,Pearson,4582096924.0,3.0,Hindi,0.32810370071186956,39.0,1,Major,2023.0,418.0,India,2,0.8130841121495327,5.0,True,False,False,True,False,True,True,False,True,False,False,False,False,True,True,True,False,False,False,True,True,True
I3194,S1077,B2134,2025-01-19,2025-02-02,2025-02-03,0.782608695652174,2.0,0.0,10,0.7191011235955056,0.9473684210526315,Math,0,0,L594,4,0.3333333333333333,4.0,A,71,2022,4,0.012244897959183772,0.2,Average,1,Hostel,Vijayawada,AP,Book_134,Author_134,McGraw Hill,7189713568.0,3.0,English,0.49814459534508,47.0,0,Major,2020.0,378.0,UK,1,0.7850467289719626,0.0,True,False,False,False,False,True,True,True,False,False,False,False,False,False,False,False,False,True,False,False,True,False
I3195,S1081,B2131,2025-09-26,2025-10-10,2026-01-02,0.13043478260869565,2.0,0.0,6,0.7865168539325843,0.2631578947368421,Electronics,1,3,L595,5,0.8333333333333334,1.0,B,53,2022,7,0.6632653061224489,0.95,Good,0,DayScholar,Rajahmundry,AP,Book_131,Author_131,Oxford,5183082045.0,4.0,Hindi,0.060243853183218045,26.0,1,Minor,2023.0,583.0,India,84,0.6822429906542056,0.0,False,False,True,False,False,True,False,False,False,False,False,False,False,True,False,False,False,False,True,False,True,True
I3196,S1098,B2027,2025-10-01,2025-10-15,2026-01-02,0.0,0.0,0.6666666666666666,5,0.797752808988764,0.6842105263157895,Math,1,5,L596,2,0.3333333333333333,4.0,B,75,2022,1,0.45918367346938765,0.625,Average,0,Hostel,Vizag,AP,Book_27,Author_27,Oxford,1201461174.0,3.0,English,0.1919018528802948,28.0,1,Minor,2020.0,308.0,USA,79,0.7570093457943925,0.25316455696202533,True,True,False,False,False,True,False,False,True,False,False,False,True,False,True,True,False,True,True,False,True,True
I3197,S1009,B2042,2025-09-27,2025-10-11,2025-10-09,0.9565217391304348,1.0,0.6666666666666666,1,0.9438202247191011,0.42105263157894735,Electronics,1,4,L597,2,0.5,2.0,A,24,2024,4,0.6224489795918365,0.425,Average,1,Hostel,Hyderabad,AP,Book_42,Author_42,Oxford,8457930958.0,1.0,English,0.6852627858837784,16.0,0,Major,2019.0,420.0,India,0,0.794392523364486,0.0,True,False,False,True,False,False,True,False,False,False,False,True,False,False,True,True,False,True,False,False,False,True
I3198,S1160,B2016,2025-07-09,2025-07-23,2026-01-02,0.7391304347826086,2.0,0.0,5,0.9550561797752809,0.8421052631578947,Math,1,3,L598,1,0.16666666666666666,1.0,B,72,2021,5,0.5877551020408164,0.0,Excellent,0,DayScholar,Vijayawada,AP,Book_16,Author_16,Elsevier,7018992193.0,5.0,English,0.2670646741051143,46.0,1,Minor,2021.0,514.0,UK,163,0.9158878504672897,0.0,False,False,False,True,False,False,False,False,False,False,False,True,False,True,False,False,False,False,False,False,False,False
I3199,S1081,B2003,2025-07-20,2025-08-03,2025-08-01,0.9565217391304348,1.0,0.3333333333333333,2,0.4943820224719101,0.2631578947368421,Math,0,0,L599,3,0.8333333333333334,1.0,B,53,2022,7,0.6632653061224489,0.95,Good,0,DayScholar,Rajahmundry,AP,Book_3,Author_3,Oxford,7306513296.0,4.0,English,0.9201797344373202,3.0,1,Major,2018.0,179.0,USA,0,0.40186915887850466,0.0,False,False,True,False,False,True,True,False,True,False,False,False,True,False,True,True,False,True,False,True,True,False
